target_x,target_y,target_z,theta1,theta2,theta3
24.7748,-34.9942,-203.8028,-52.5794,-35.17,-21.1394
12.2042,-65.7839,-212.1525,-38.9551,-31.1686,3.9576
-55.0039,65.6605,-206.6837,11.3607,-28.1094,-46.3608
-68.2924,-3.9524,-211.8207,0.6216,-44.3158,-21.2133
-36.2049,-75.6737,-239.7272,-0.3928,-19.672,25.9239
-56.5419,30.4581,-198.9029,-6.2807,-50.9051,-49.8821
-0.9856,8.3234,-222.7547,-21.2697,-22.0474,-26.8405
53.1215,-32.2554,-200.073,-59.5178,-22.2035,-21.848
33.7856,7.0121,-212.201,-40.5729,-16.4383,-34.1216
11.1929,-54.445,-235.4608,-19.7074,-12.8627,10.9222
-71.4819,-37.6873,-239.2018,14.8804,-24.2041,13.1483
89.6311,31.6201,-235.9401,-18.1926,31.8312,-10.0845
88.8184,32.3764,-232.1247,-20.7313,30.0275,-13.1365
21.3603,86.5669,-229.2133,4.5224,17.0586,-32.8229
-6.5763,-42.5574,-204.7278,-42.2506,-46.3058,-16.1676
54.5611,-23.0957,-205.3382,-53.5301,-15.7287,-22.3664
-36.3716,16.1515,-190.5827,-33.7755,-68.4012,-66.2968
11.7209,24.413,-208.5786,-34.2242,-25.3809,-45.5941
-23.2998,-79.5963,-218.0845,-20.953,-34.0594,16.6906
65.3457,55.8869,-205.1929,-34.7914,12.0402,-45.4665
-58.1018,-58.5446,-199.3643,-19.546,-56.148,-2.1225
30.1737,-20.9227,-237.7369,-20.8183,-3.0595,-2.0781
34.4519,6.3766,-236.1407,-19.3421,1.3407,-13.2159
33.993,-61.6044,-226.4925,-31.1766,-10.9877,11.1411
50.4544,22.2808,-190.0056,-68.9517,-21.9665,-65.689
54.4758,-21.4042,-201.2144,-58.2926,-19.2178,-27.3703
-0.911,-72.4183,-193.3598,-54.215,-54.0268,-3.3178
-50.2863,34.2807,-194.6266,-12.1634,-55.0298,-58.3098
-50.1878,-82.1714,-238.1463,4.8923,-21.8309,30.3145
74.148,-63.8708,-237.8487,-25.3991,15.368,23.9698
10.4115,-71.3454,-234.2007,-19.8475,-13.4961,19.0808
16.13,79.9041,-223.9723,-0.4062,9.5173,-37.2268
31.1804,-10.8431,-205.2685,-51.0539,-28.0146,-33.6096
-5.532,15.5361,-214.3506,-25.1222,-29.3529,-36.9324
67.692,0.3337,-213.4092,-43.0081,2.0427,-23.3658
-2.8784,-96.079,-229.6779,-16.6085,-17.7576,30.6577
-13.2537,-21.1,-211.438,-31.5611,-40.6014,-22.9791
45.1633,-79.034,-220.6644,-35.6065,-9.1105,19.2868
-72.6237,-40.6406,-192.8246,-14.1831,-63.1904,-14.7296
-58.205,54.2791,-210.2186,10.2389,-30.4342,-41.734
-69.7615,-41.0849,-215.5098,-0.6473,-42.8922,0.201
-57.7675,32.0933,-231.5105,14.3929,-20.1855,-20.0875
31.6447,69.3393,-197.0721,-31.3138,-5.4197,-61.1305
-51.031,-47.1261,-219.0771,-8.9386,-39.452,1.5805
-57.4457,74.3321,-203.7546,14.961,-26.5243,-48.4041
9.1406,5.0543,-238.3699,-12.2889,-6.8354,-12.8505
26.0853,-92.57,-223.0775,-29.0728,-13.887,26.5832
65.6865,-32.4287,-233.0791,-29.0194,8.9588,4.9699
-74.039,-34.3626,-208.1342,-2.1131,-48.926,-7.0541
5.7143,-90.1547,-197.2743,-47.6266,-43.559,12.1996
-69.1621,8.2137,-221.3929,8.9179,-34.2829,-18.5399
95.3204,18.7516,-227.2266,-27.228,28.3654,-11.1917
71.084,-2.6079,-224.3108,-33.7461,10.0418,-12.6308
-40.3475,55.8478,-234.4915,15.6553,-8.3986,-24.6677
42.2464,-55.8046,-230.9939,-28.7936,-4.1071,11.4578
29.5035,-4.4216,-224.8945,-29.7562,-10.689,-18.7786
-53.9414,19.9466,-238.6608,13.9758,-16.9264,-12.04
-71.4165,25.4685,-236.2826,21.9083,-18.8713,-11.6246
-22.2017,13.5728,-203.4479,-28.6216,-46.4905,-47.1093
16.9938,-9.4733,-199.783,-55.6994,-41.8619,-42.594
-22.3465,87.51,-193.4641,-1.3863,-20.4589,-62.9845
30.9669,-20.7081,-204.8662,-52.2504,-29.883,-28.445
8.7612,85.9902,-204.447,-7.837,-1.9292,-53.7483
46.728,-79.8179,-232.5913,-26.4559,-0.0684,25.3417
-29.779,-77.2062,-200.5484,-33.2318,-50.8229,6.4859
7.6703,24.5068,-196.7233,-47.838,-40.7918,-62.4168
-50.1998,-12.8749,-220.0645,-5.5481,-37.4881,-15.0696
21.6477,17.7105,-207.3768,-40.6054,-24.0348,-44.4454
36.6761,-74.6562,-223.6463,-32.8529,-11.2838,17.2081
3.311,22.0773,-194.3931,-51.055,-47.6685,-66.6522
53.8702,51.8604,-224.6765,-19.0229,14.9567,-30.5935
-38.683,82.0627,-216.6719,15.8784,-9.8116,-40.5481
19.0129,-50.1759,-215.2999,-38.7039,-26.5809,-3.2515
41.7791,-53.9843,-223.3017,-35.151,-9.982,6.0799
-66.9366,-1.7039,-202.6968,-5.6162,-52.8548,-30.4154
30.014,-24.1312,-195.4904,-65.8497,-42.1185,-37.1989
-12.3983,-58.559,-232.8981,-14.9736,-21.6191,11.6686
24.9806,-61.4407,-196.8421,-58.2331,-41.5287,-8.1913
-92.009,30.2159,-225.7057,28.4301,-25.7417,-14.7499
-19.9132,-43.9983,-211.9362,-29.323,-41.8565,-8.8743
-49.4305,-60.4473,-225.5796,-5.0203,-33.1851,12.7542
23.5008,68.0217,-195.5824,-31.2846,-11.5102,-63.9043
84.7738,-15.5885,-212.917,-44.2174,9.6132,-11.5869
-25.8747,75.5228,-205.9074,1.4728,-18.1238,-51.6317
13.4584,49.1668,-219.4549,-15.845,-6.6842,-39.1385
-65.0411,64.7505,-236.5686,29.7871,-6.9065,-19.8578
16.976,12.6811,-191.911,-66.478,-48.2145,-69.2388
53.8836,-49.2836,-207.9177,-50.0033,-15.3753,-4.3291
-8.6516,-15.0797,-223.2479,-22.1236,-27.7043,-16.5077
-13.1182,77.2247,-199.0526,-7.8514,-18.9817,-59.3506
7.2255,-92.0289,-223.5601,-24.6841,-20.1225,25.8468
-68.0409,51.2436,-205.6399,12.0408,-36.2294,-42.993
44.4749,-50.9331,-237.0292,-24.4485,0.9492,12.63
-59.7557,-5.9551,-235.6253,10.0521,-24.2472,-5.0023
-78.1425,-41.982,-200.6517,-4.7394,-54.9455,-6.3326
-72.1551,-18.6063,-217.5512,4.0891,-40.6184,-9.4889
38.4706,-6.247,-203.3768,-53.8432,-24.8893,-37.0109
57.967,52.4711,-221.4673,-21.718,15.4433,-32.5067
32.5718,-8.7859,-222.5602,-32.9851,-11.7937,-18.4992
1.0711,85.8169,-210.488,-1.191,-0.984,-48.3844
90.5613,-15.7318,-192.7512,-62.9727,1.4463,-26.3305
29.9787,-33.1633,-235.709,-23.133,-5.4076,1.9497
-9.4528,-56.0304,-203.9544,-41.1359,-46.7986,-7.579
8.4424,51.4973,-231.6368,929.3929,1080.993,-4491.9634
-85.5016,-51.4183,-192.4412,-5.211,-60.5861,-3.0692
56.1189,52.4345,-225.4172,-18.4559,16.5998,-29.6139
-19.7407,-12.4442,-202.7222,-36.7549,-51.4578,-35.995
62.686,-14.5097,-230.456,-29.8633,7.54,-5.2212
-0.0758,-14.4786,-200.9142,-48.8596,-48.5552,-38.5185
-45.611,70.1343,-230.0752,20.5089,-7.0985,-28.6832
-62.5104,-0.9209,-239.6656,14.466,-20.635,-3.2774
-34.9438,-35.4977,-228.8968,-8.9643,-29.4425,-0.7528
-88.7568,-34.5752,-225.3133,16.6431,-34.5344,8.1158
76.7761,-3.0582,-221.5349,-36.0505,11.5527,-13.0571
-37.7655,21.9828,-190.3975,-30.5074,-66.7931,-67.9144
-52.1313,24.8437,-214.955,-0.0651,-35.8982,-33.305
-50.6419,-71.9821,-226.7981,-2.8857,-31.2278,20.0559
-0.5127,47.6454,-192.3004,-38.2273,-39.0106,-71.8391
32.0366,-40.4915,-201.403,-56.2793,-34.0155,-18.7807
5.9529,-64.2726,-198.551,-51.5277,-47.1752,-5.878
-2.6081,37.3531,-195.6929,-38.4116,-41.0471,-65.9333
-17.2353,84.3769,-196.9276,-3.3556,-17.8277,-60.3692
17.4314,66.8214,-201.1223,-24.3971,-10.746,-58.0803
29.2872,49.8475,-233.5681,-9.0335,8.7367,-26.3258
-49.9199,-8.8748,-209.9155,-12.1851,-46.4403,-25.021
-90.7004,-39.6722,-231.0526,20.5035,-30.0116,14.5392
-7.2465,26.9667,-208.8413,-25.9618,-31.819,-45.9523
72.4366,21.1621,-219.8344,-33.1446,13.1192,-23.895
22.5917,7.3415,-219.9832,-30.6383,-15.2966,-28.0907
-9.0515,2.4288,-232.4921,-11.7847,-17.3807,-16.4714
56.8431,63.878,-200.1001,-35.5181,7.756,-53.1114
-9.7294,8.7507,-225.1226,-16.1338,-22.6904,-24.7682
-3.956,98.5219,-194.0862,-2.3998,-6.3365,-61.4585
72.5194,11.0642,-211.3902,-42.9213,5.9847,-27.8265
23.7794,-65.8932,-219.5731,-34.9849,-20.5071,8.8605
44.1481,-63.6413,-204.089,-51.8533,-23.7829,0.7593
-7.0724,-52.9394,-229.5024,-19.5503,-23.2733,6.5016
-35.7325,-76.2806,-216.2549,-17.3193,-37.8275,15.0196
39.9542,-90.094,-215.735,-37.3187,-13.7957,23.0346
13.4857,0.1987,-224.025,-26.2025,-17.3028,-22.49
-48.8287,-33.0661,-234.1313,1.1499,-26.5754,3.6139
5.6399,40.9773,-205.0433,-29.2437,-25.0065,-52.9996
-33.5307,47.7169,-206.1244,-7.6376,-33.733,-49.954
-47.209,-36.69,-238.7777,3.2454,-22.9537,7.8775
-51.1473,-54.9313,-215.6989,-11.3373,-41.892,4.0589
54.7977,55.1019,-202.3098,-37.4016,4.142,-51.0442
47.9751,62.8588,-197.1625,-38.2246,0.451,-58.4119
42.9426,-13.4785,-237.1855,-22.5468,2.6395,-4.0711
-22.5878,2.2917,-193.9354,-44.0112,-63.9002,-56.933
-70.3911,30.2599,-216.3638,12.0836,-33.6992,-28.8678
1.1368,-50.0743,-229.0632,-22.5717,-21.4778,4.533
-24.076,-94.1731,-201.6875,-31.5682,-45.1374,18.5293
-41.9562,-63.2997,-236.3786,-0.7771,-23.7283,18.7408
66.2116,-6.9968,-199.4603,-58.9622,-10.336,-33.9648
6.6,30.7991,-221.6857,-18.4481,-14.0325,-34.1145
33.6632,39.7958,-204.9617,-38.1646,-11.9513,-50.68
-12.8765,26.1603,-191.4828,-45.1305,-58.447,-73.4089
-27.4539,36.1519,-192.643,-28.5945,-55.1021,-68.5155
4.7896,-47.192,-231.3541,-21.4755,-18.2643,4.6199
68.8647,-60.1698,-217.7515,-40.6541,0.5239,11.1409
-27.9915,62.7101,-192.0036,-14.3458,-40.4212,-68.105
64.3968,7.8217,-196.6196,-60.5844,-10.4288,-44.8487
-73.9389,1.2853,-237.9164,19.2492,-22.2339,-2.6946
33.0098,-30.9536,-214.2712,-42.5195,-20.7945,-13.9122
13.6015,-39.5361,-204.5756,-49.0774,-39.498,-18.2446
-84.056,42.779,-233.8103,30.8487,-16.7521,-14.1255
54.6856,-15.9809,-210.8461,-47.3161,-10.2967,-21.3327
14.0296,-28.953,-230.3671,-24.1636,-15.4016,-4.7616
-65.1808,-57.8433,-207.5435,-8.935,-48.6682,4.1632
-31.8201,57.5898,-211.576,-0.604,-23.8154,-45.5469
61.3433,31.9285,-224.4079,-26.2188,12.5129,-25.6244
79.8105,48.7363,-226.0702,-20.4093,27.2461,-23.061
-75.7804,6.3336,-229.9369,16.8874,-27.7157,-9.8439
45.2555,-9.4126,-224.5792,-32.9924,-4.3264,-14.9049
58.5981,-42.3383,-224.9972,-35.2937,-0.1769,3.5077
60.9708,44.1546,-236.9807,-12.901,22.1888,-18.2697
-23.5771,29.8534,-228.9963,-2.7016,-17.8379,-26.8468
-55.5279,49.0039,-228.533,16.7227,-17.2817,-26.0782
-10.4509,65.5805,-220.9168,-0.0758,-7.2875,-39.2912
-67.8453,-16.1847,-233.4955,11.4056,-27.5344,-0.7695
-62.2296,-53.4251,-198.7518,-17.3579,-57.1383,-4.9225
-0.1158,-2.8818,-232.64,-15.4885,-15.4828,-14.577
62.9212,5.8554,-228.1851,-29.0206,9.4903,-14.659
-57.2083,9.3566,-230.8983,8.4652,-25.7014,-14.4316
49.9543,60.9294,-217.334,-20.8516,12.3497,-38.4698
93.5311,-18.4054,-222.8596,-35.6426,19.7335,-0.8818
-5.3587,-15.8843,-229.4031,-18.2438,-21.4556,-11.6129
-23.1218,19.4005,-195.0999,-35.941,-57.1204,-61.7346
98.5963,6.1733,-239.4718,-20.5769,33.0206,1.7023
27.0959,-49.3317,-239.1309,-20.1991,-4.5573,11.3926
-67.9325,-4.665,-225.8493,8.4992,-32.5115,-10.9041
-50.6046,-57.3489,-198.3281,-25.2967,-57.4698,-5.3337
40.5377,23.8322,-205.8448,-44.1376,-13.2321,-45.2672
13.2281,-52.7337,-213.2723,-39.1413,-30.5772,-3.343
92.7744,-26.1866,-208.6589,-47.5342,11.1517,-6.6301
3.5182,57.0647,-208.2041,-18.1114,-15.7952,-50.829
-7.554,31.7027,-230.7551,-6.727,-11.5129,-26.5079
88.5183,-29.7827,-235.226,-27.421,22.0026,10.1288
-28.7556,22.4805,-203.545,-22.0285,-45.2234,-48.8691
-37.3684,55.8031,-197.8411,-7.9876,-39.4794,-59.2024
6.2477,98.9681,-222.1921,10.5804,13.972,-38.1251
-36.2681,19.1551,-226.3995,-1.9968,-25.4055,-24.7876
-85.1777,-37.6063,-202.4204,1.4697,-52.7798,-5.4769
75.1273,-60.6088,-194.2309,-60.9496,-11.8066,-0.4893
61.9962,66.8634,-227.9467,-11.653,25.3562,-27.8525
31.3217,-23.9401,-207.7806,-48.9515,-27.0544,-23.6413
49.0619,-38.3963,-216.0361,-42.6073,-11.503,-6.1333
65.6417,-65.7781,-209.17,-47.2964,-6.9731,9.1915
-10.8058,47.8305,-209.725,-15.3834,-23.9089,-48.3105
98.9734,10.8658,-227.8537,-28.0273,29.1173,-7.2055
-95.347,20.0567,-232.0307,30.5197,-23.2721,-6.6402
80.7903,-37.0618,-191.5714,-65.8558,-9.4005,-17.5531
-24.5166,33.6501,-211.1191,-13.7929,-32.359,-43.6882
43.3163,84.4693,-221.7887,-5.9096,20.9248,-36.5071
34.8957,76.8033,-210.0813,-16.4563,7.9165,-47.5342
-71.0356,-64.6023,-214.0668,-0.7525,-42.4315,13.4942
56.38,2.5588,-231.7499,-26.2318,7.761,-12.0581
89.3044,12.6219,-231.127,-25.7845,25.7948,-8.4344
60.8502,28.5974,-208.9314,-41.047,2.2268,-38.632
-15.4393,53.7687,-212.5863,-8.7166,-20.2754,-45.7568
71.7988,-49.0774,-201.5336,-55.6504,-8.8192,-4.5321
-55.2616,63.8487,-212.0658,13.4865,-24.4276,-41.3911
49.2221,28.1955,-198.6014,-52.5227,-12.4783,-53.3073
-26.7093,9.3997,-192.9412,-40.3339,-64.8768,-61.5243
50.3638,19.7395,-197.3948,-57.0992,-15.8095,-52.5419
64.7606,67.9732,-234.38,-6.9695,29.7556,-22.5911
78.6655,-1.6451,-230.5729,-28.5918,17.6314,-6.693
-63.552,-67.6417,-219.6277,-1.2921,-37.8067,16.4512
38.5459,-40.3131,-191.266,-71.5196,-42.766,-28.174
-61.7633,-10.6913,-224.1496,3.3327,-34.4029,-10.9511
-28.1275,-68.2645,-225.2351,-14.6307,-30.4657,14.0212
-37.864,73.2281,-217.0894,11.9058,-13.5469,-40.3796
79.506,-38.5118,-193.038,-64.345,-9.3422,-15.7276
16.0331,-61.5824,-212.3722,-40.0218,-29.8429,1.6412
-18.5791,43.0276,-190.6078,-33.1625,-52.392,-74.3534
-36.7908,27.2129,-215.4691,-6.8036,-32.9099,-36.3281
86.7608,47.4405,-220.7188,-24.7986,28.0844,-24.9587
-6.2569,-19.5407,-239.8739,-10.0247,-13.5237,-2.5325
36.7265,42.4094,-226.2754,-18.5917,5.0363,-30.4362
-60.2248,-19.9403,-207.2051,-9.6954,-49.9745,-19.22
-76.2735,10.2041,-232.3264,19.1203,-25.1758,-9.127
-65.0699,0.4116,-239.0273,15.5132,-21.0918,-3.6475
15.1868,24.3419,-193.5343,-56.4669,-41.3491,-68.238
-18.8459,-62.7484,-208.4375,-32.3775,-43.6533,0.3449
52.7011,76.6575,-239.3263,0.8526,29.7693,-21.8148
17.6966,93.4253,-205.4844,-5.8084,6.2291,-51.7429
7.8881,-67.9577,-226.838,-25.4859,-20.4732,13.2312
-25.0853,42.8292,-236.6436,6.8236,-8.1146,-22.7551
6.3986,73.3788,-214.6462,-6.5615,-2.4863,-45.2071
-15.7241,88.1504,-224.7038,13.7856,3.6696,-36.2645
-43.9533,20.4487,-213.522,-6.471,-37.5767,-34.9023
-70.0127,-52.7737,-198.4326,-12.2917,-56.9477,-3.3928
50.5258,78.476,-215.021,-14.7327,18.3765,-40.886
26.7503,66.1025,-216.589,-14.7249,3.4606,-42.5454
-71.3957,51.3142,-193.6032,7.7867,-48.4547,-54.3668
-47.4771,48.4568,-238.4117,18.4527,-8.9306,-19.3912
-90.5082,-19.3929,-233.237,22.7879,-27.7455,6.7648
-95.0019,-12.6782,-223.7684,21.5272,-34.2246,-0.9869
-49.2132,29.3344,-215.8722,0.2796,-33.5644,-34.3228
-24.3788,42.1117,-197.4884,-22.3338,-44.0667,-61.433
10.9695,-54.3263,-212.4929,-39.2185,-32.0596,-2.9644
-31.1477,-1.4887,-227.6553,-7.5794,-27.2692,-17.1361
31.3194,80.9237,-191.6462,-29.4055,-2.9646,-65.9009
-38.7405,-78.2142,-218.5649,-13.8779,-35.9316,17.8472
-55.961,63.9705,-211.7668,13.7323,-24.6902,-41.5023
-49.6277,-21.0345,-228.3621,-1.3589,-30.9137,-5.7412
-4.2971,10.7579,-231.9848,-12.1623,-14.8451,-19.8722
57.4617,55.5198,-236.0095,-9.6352,23.4696,-21.3627
-50.5972,-65.3571,-210.1589,-15.3331,-45.5613,7.1671
-73.414,18.0671,-224.2712,14.9359,-29.9872,-18.3369
23.4646,-78.4068,-232.7849,-23.1533,-9.5807,22.6885
10.1611,42.3872,-202.0429,-33.4851,-25.2963,-56.7454
-51.6108,62.705,-194.8013,1.5197,-41.1249,-59.4595
41.2827,74.198,-191.8746,-36.1887,-1.0886,-65.0473
-12.5348,83.2023,-193.218,-8.8539,-20.1987,-64.8307
-31.8867,12.61,-193.1744,-35.0264,-63.9917,-60.856
4.814,-87.4258,-196.5692,-48.7642,-45.2121,9.8365
96.8806,-13.1154,-195.2663,-58.6515,8.194,-22.5108
73.3221,29.0813,-207.6412,-42.1259,8.991,-36.4483
29.4743,-58.7437,-238.2838,-21.1312,-4.2154,15.6427
79.6869,-43.1493,-204.2722,-52.754,-1.3796,-4.1199
-5.621,-75.0038,-199.6053,-44.7685,-47.6519,2.6452
-4.8194,-95.6507,-233.1452,-13.6734,-15.8777,31.7929
-21.048,77.895,-198.0682,-4.5234,-22.0596,-59.7187
52.5709,72.8943,-197.9231,-32.3568,8.2759,-56.1283
63.5764,4.9527,-209.6338,-46.0115,-1.9733,-29.7372
-57.6803,28.1099,-223.8264,8.8525,-27.6281,-25.4734
-3.1816,97.5554,-213.1115,7.9567,5.2622,-45.2039
-26.0788,-73.9484,-222.3464,-17.1831,-31.8544,15.6629
92.8682,15.5509,-225.6784,-29.149,25.7806,-12.0773
29.9599,-17.6781,-203.2114,-54.0726,-31.8716,-32.1449
-10.6829,27.3612,-237.3181,-2.1207,-8.5446,-19.8251
11.3141,4.8504,-216.7941,-31.2626,-23.4241,-30.7341
-12.9937,-57.3609,-198.8932,-45.2775,-53.1941,-10.1776
26.7695,54.5607,-230.106,-9.4444,7.2019,-30.1085
-80.1818,13.7014,-234.6945,22.8906,-22.7746,-7.3779
20.2202,-68.6497,-201.875,-50.4217,-37.3503,0.0506
41.2091,20.3542,-230.6566,-21.9157,3.7125,-21.0001
67.322,32.3332,-209.2588,-39.6973,7.3279,-37.4509
-30.6289,31.9844,-219.2767,-5.6048,-26.8725,-34.9143
48.9176,-5.7228,-205.5843,-51.8038,-16.3616,-32.746
-76.8941,-54.6912,-207.8222,-1.3719,-48.1257,5.5692
15.8113,-0.1395,-210.9035,-39.5217,-28.0472,-34.2611
8.9211,-38.056,-195.7409,-60.2832,-53.0642,-28.222
11.5539,-66.451,-212.8257,-38.129,-30.7625,4.7395
0.779,20.4149,-220.3262,-20.824,-20.4519,-32.8431
16.2744,45.0647,-217.4348,-19.8619,-8.5386,-40.2824
-11.8335,-9.3653,-213.7515,-28.4518,-36.7491,-27.0191
28.4473,-11.3531,-190.9446,-76.2639,-49.0433,-54.7579
-9.0666,-16.4025,-229.7873,-16.7039,-22.1962,-10.9734
-3.5349,-35.8203,-219.1565,-29.0519,-31.1021,-9.2123
67.5737,69.573,-235.3227,-5.9379,31.8632,-21.5013
-78.5589,-26.7198,-238.9933,18.951,-24.0261,10.0906
-62.7834,-5.1603,-228.7259,7.4152,-30.0366,-9.7947
-10.6006,76.4188,-191.3617,-15.6408,-25.8528,-68.4093
-88.3112,17.8762,-233.748,27.2779,-22.6707,-6.9914
65.5096,44.6097,-191.7277,-54.9605,-0.2761,-59.6329
-31.6315,-10.2385,-204.1188,-28.1202,-51.4059,-33.7701
47.3642,12.133,-217.9597,-35.5923,-3.6873,-28.3117
-85.6612,-13.4074,-228.4526,18.4168,-31.3046,-0.658
-60.8646,9.1278,-200.3246,-8.8226,-54.2703,-39.6503
-64.3263,39.8908,-217.2138,12.112,-30.0305,-31.9422
12.0219,-78.7908,-231.4528,-21.7546,-14.5218,21.8417
-38.4924,11.9735,-192.5846,-31.0543,-65.4278,-59.5312
-96.5671,3.7792,-196.0825,11.6915,-54.8542,-27.9634
-75.4047,-38.1506,-235.1764,14.6461,-27.2445,12.0489
-92.0871,21.8258,-195.9569,12.6983,-52.7548,-37.0604
91.4076,12.1754,-210.706,-41.9148,17.3607,-22.6295
10.0254,81.7244,-202.2951,-12.2985,-5.17,-56.1606
23.6491,26.2171,-210.676,-34.8215,-17.2798,-42.8872
-56.0065,-78.783,-216.4767,-6.5054,-38.6074,19.9979
-23.1978,-43.6109,-206.7026,-32.7706,-47.7618,-12.6716
11.4008,-51.3099,-190.7271,-67.3314,-58.3401,-22.6681
-2.9509,-38.3244,-202.1835,-46.8632,-48.4805,-21.4085
-17.6662,86.9954,-235.0535,19.1402,8.7303,-28.4755
51.4911,-61.3692,-211.6346,-45.4609,-13.6105,5.0702
71.4605,-67.2381,-213.3243,-43.5362,-0.5701,13.5173
-21.0722,-77.5517,-222.4263,-18.716,-30.43,17.4656
-53.8696,11.7127,-191.0255,-20.9565,-66.9499,-56.0024
-30.933,-41.2069,-209.5018,-26.29,-46.1862,-11.1483
-41.7132,-23.8846,-208.0292,-20.5165,-48.8096,-20.6025
-24.6283,-64.8317,-211.0623,-27.4912,-42.1114,3.6809
9.2395,41.4013,-235.8727,-5.1065,0.4783,-23.9707
23.1101,-73.6995,-212.7906,-39.9022,-25.6842,9.8506
-1.5484,89.6297,-236.8709,16.2829,15.1347,-27.6642
52.4455,67.8696,-198.2258,-34.8734,6.0105,-56.0784
99.6348,7.316,-200.8739,-50.4141,16.8174,-25.873
37.793,1.0839,-218.788,-35.7769,-10.4107,-25.1172
-64.6203,-52.73,-200.2889,-14.5539,-55.6159,-3.7288
57.9143,-33.154,-214.4171,-44.5519,-7.4848,-8.5363
39.4043,-14.6752,-236.4919,-22.7541,0.5143,-4.5463
-70.7091,-46.7515,-208.3838,-4.8296,-48.5706,-0.6778
72.4781,27.5599,-210.5218,-39.8277,9.6753,-33.6385
14.5281,-38.0791,-190.2929,-72.5922,-60.0699,-34.7393
52.734,-26.5105,-196.4662,-64.4662,-25.639,-29.5349
-67.8673,-19.3374,-213.6827,-0.7889,-43.9601,-12.769
22.3348,14.673,-206.8308,-42.3084,-25.1552,-44.054
-28.0034,-51.0185,-235.5483,-7.3325,-22.8314,10.4198
-24.324,1.598,-217.1176,-17.9756,-34.9021,-27.7478
37.7269,-82.2053,-202.5074,-49.9199,-26.6337,11.4581
-58.2911,-20.6635,-204.3447,-13.1069,-52.8754,-21.7221
-72.8297,-51.2564,-214.5512,0.2806,-43.1667,6.249
-13.5826,-37.1167,-199.5174,-45.7306,-54.8154,-24.2327
-85.7261,-31.6825,-229.3862,17.3015,-31.4676,8.3327
45.8071,57.4664,-194.1731,-44.4758,-5.4885,-62.6495
75.5169,-18.837,-228.0268,-32.4084,12.3264,-2.2346
48.3636,-65.1023,-220.2441,-37.6022,-8.7331,11.5298
-87.3458,-12.2524,-196.3114,2.3619,-57.6956,-23.6497
6.5242,-0.5443,-220.1993,-27.7509,-23.3765,-25.6394
-40.5123,44.862,-207.4332,-4.291,-34.9468,-47.0912
20.5297,-29.8712,-234.0689,-22.5281,-10.1061,-1.4279
20.6044,-48.6255,-222.6822,-32.5552,-19.7925,0.6765
-24.0387,-55.3056,-234.8219,-9.3647,-22.6033,11.8361
-37.9721,61.3738,-216.1474,6.4842,-19.6477,-40.8285
18.1781,14.3375,-226.1093,-22.6184,-10.6851,-25.3805
-77.1049,-56.6633,-233.9317,14.4258,-27.9256,20.5046
67.3471,21.7353,-201.7063,-50.6725,-0.5715,-42.4662
84.2506,-37.2055,-237.6976,-25.9803,20.5665,13.7251
61.0503,18.965,-220.4037,-32.9195,6.737,-25.5566
-56.3121,53.8026,-227.3131,18.0456,-16.6331,-27.5162
-12.5843,-90.1009,-199.1949,-39.7018,-46.5082,13.5291
-22.1443,-85.4483,-206.282,-30.2381,-42.8279,14.4576
-7.5738,-31.3583,-196.2962,-53.4907,-58.4027,-32.429
50.9238,-4.7509,-237.492,-22.1813,7.5261,-6.0528
56.3693,77.1913,-225.0908,-8.8349,25.2147,-31.719
60.1925,44.5907,-227.5654,-19.7914,17.2195,-25.857
0.1021,-24.792,-195.1927,-58.9743,-58.0135,-39.1832
54.3597,-59.2504,-192.287,-65.3962,-28.997,-8.4689
13.562,22.3637,-205.7554,-38.6489,-28.0371,-48.3264
-91.1045,-25.7232,-206.0306,8.6257,-49.0639,-7.7523
23.3271,35.455,-223.4045,-20.2426,-4.6448,-32.7497
49.7756,38.2646,-218.2828,-28.505,5.0096,-34.521
-81.7214,-52.8897,-231.8495,15.7381,-29.5338,18.7763
-74.8936,48.6868,-193.7924,9.0526,-49.0968,-52.5869
5.9971,64.3833,-202.8302,-19.9773,-15.6426,-56.6262
-68.5402,20.3513,-216.9685,8.7843,-35.6819,-26.1836
-59.5242,16.5544,-201.9242,-6.5914,-51.0933,-41.2291
14.6851,51.7234,-213.0516,-20.3239,-9.8399,-45.3502
-77.3885,60.8432,-232.2187,32.1546,-12.0404,-19.7785
83.1364,-19.029,-215.3018,-42.5244,9.5325,-8.7274
55.381,-67.5882,-191.1853,-64.863,-28.6131,-2.5852
46.9579,-20.4124,-206.932,-51.4095,-18.6949,-24.0465
9.2319,15.9602,-223.1452,-22.3198,-16.1595,-28.8765
81.5591,41.5849,-221.9883,-25.8053,24.3052,-24.5285
-10.0148,-81.263,-203.1729,-38.5897,-44.0553,9.1835
-70.3744,60.3606,-218.677,22.9365,-21.6945,-31.7582
-60.8617,-7.4221,-208.7695,-6.3311,-47.6086,-24.0257
-68.8723,55.7932,-238.0833,29.3699,-9.1871,-16.8801
15.2294,51.015,-204.6733,-28.4026,-16.5775,-54.0071
46.384,-73.4103,-190.1784,-64.998,-35.0484,-0.6195
71.4956,-37.1136,-219.3857,-40.1523,3.5089,0.0142
67.3673,58.818,-209.83,-29.3987,16.6102,-40.8764
51.1976,13.9268,-202.9943,-51.2934,-12.3012,-43.2575
-6.5172,60.7816,-194.5632,-24.4957,-30.8853,-66.7482
36.8261,-84.0197,-220.8704,-33.9073,-12.3272,21.3454
-90.84,37.743,-231.2966,31.8459,-19.8654,-12.9279
-40.7623,74.2779,-195.8061,1.955,-31.5621,-59.8733
-62.8707,-61.3211,-230.2318,4.9635,-30.1357,18.1272
50.4159,-3.1243,-238.8123,-20.872,8.3304,-5.7801
8.0716,-59.0512,-211.2835,-39.27,-33.93,-0.8948
-43.7905,17.6822,-227.0261,1.4329,-26.2611,-22.6998
-5.3016,65.7351,-218.9645,-3.0997,-6.968,-41.1237
-7.8189,-39.8253,-203.648,-43.0836,-48.0409,-18.8671
-3.3587,59.3745,-213.8795,-10.073,-12.7847,-45.3515
-40.115,-58.4515,-190.897,-39.9295,-65.7463,-12.1009
-24.6329,82.666,-197.5624,-0.4915,-20.6596,-59.2967
-35.554,2.0664,-226.5115,-5.8393,-28.4846,-18.8737
60.4872,37.4677,-197.7535,-50.358,-2.3624,-52.7916
43.9555,84.7572,-196.1819,-25.4594,8.5869,-58.5449
-25.1835,68.1326,-221.1449,6.7088,-10.0838,-38.2964
3.6656,99.3794,-222.0715,11.4785,13.2759,-38.2124
35.4687,-67.5847,-200.7911,-53.9368,-31.2325,0.1286
-58.7251,-17.7146,-199.9872,-15.8618,-57.4015,-27.2196
16.5837,-25.9952,-195.3051,-64.0258,-50.3758,-37.6542
96.1254,24.8214,-197.6908,-50.5296,17.1193,-36.3327
78.5954,-23.9374,-226.9207,-33.561,12.8769,0.0669
14.1049,84.1643,-214.7588,-3.6314,5.4706,-44.7364
-56.9526,55.3806,-239.9387,25.1186,-6.8822,-17.7275
-29.8568,-35.5053,-194.9392,-42.6537,-63.6878,-28.0059
-76.8538,54.1892,-218.3008,23.9697,-24.4384,-29.5566
-63.2696,-31.3162,-237.2631,10.1175,-25.1994,7.4522
37.5149,-27.4423,-215.9165,-41.4624,-16.9263,-14.026
-16.2884,52.2,-239.5472,8.5451,-0.991,-22.3252
-14.1621,30.9294,-221.0022,-11.6102,-21.5528,-34.5079
-17.1827,-92.0809,-209.3591,-28.2744,-37.7589,20.1215
1.9047,99.8199,-227.7086,15.1201,15.8463,-34.0781
-60.6169,-75.5787,-236.7677,8.3879,-24.2034,27.9608
55.9125,80.5451,-192.1215,-33.942,10.8067,-60.5918
33.7847,-28.0671,-209.001,-48.0335,-24.925,-19.8077
78.2232,17.6144,-199.8968,-52.8173,4.3118,-39.3414
-62.249,11.5879,-229.8063,10.7676,-26.499,-14.9315
-25.9244,79.3216,-219.7588,11.0415,-6.1763,-39.5308
-16.8243,-41.5009,-217.6602,-25.5739,-35.9326,-6.5749
-65.8084,44.0296,-229.113,20.3942,-19.1831,-22.454
-21.1687,-4.1794,-221.2952,-17.1079,-31.2922,-22.1011
2.7529,-87.4196,-225.9556,-22.4578,-20.4274,24.1668
-29.4781,-58.3217,-228.6944,-11.9134,-28.5436,10.4096
91.5254,37.7087,-222.9441,-25.953,28.8399,-20.0938
2.7006,-54.8512,-220.5404,-29.7786,-27.8434,2.213
-35.9746,58.5541,-232.9828,13.9578,-7.7959,-26.7931
42.3322,27.0622,-214.8281,-34.0958,-4.4193,-36.4392
30.5899,72.4117,-218.4056,-11.4398,8.7423,-40.8565
22.6515,15.6514,-201.3911,-49.043,-30.3521,-51.352
69.9993,-4.728,-206.5534,-50.4256,-2.0479,-26.6681
29.9238,67.9901,-234.9438,-1.6711,15.8645,-27.1696
-43.5077,82.3979,-215.121,17.3592,-11.643,-41.0883
28.766,87.4121,-190.4151,-25.2902,-1.2755,-66.3392
-69.1004,-27.5399,-209.4946,-3.6407,-47.8998,-11.192
70.4711,-68.4126,-218.8436,-39.0586,2.4419,16.6988
-60.8159,-67.9863,-214.1541,-6.4742,-42.0831,13.2013
49.4802,-74.7987,-221.8792,-35.4589,-6.4661,18.0263
4.4737,3.7826,-227.1854,-20.2612,-17.3515,-21.4761
-31.6722,-0.3469,-237.5245,-0.0822,-18.557,-9.6692
82.8947,-51.4443,-218.1137,-40.4074,8.9881,9.8147
-20.4331,48.2761,-206.4358,-13.576,-29.8646,-51.2332
-53.248,-82.2027,-199.2995,-20.4659,-52.1943,13.2107
-17.7177,-8.4009,-227.4115,-14.3839,-25.6314,-15.7619
-72.4021,7.094,-217.8618,8.5406,-37.42,-19.9621
40.3228,73.6308,-210.3458,-19.0194,9.1516,-46.6249
-46.2416,-77.2044,-213.9557,-13.6985,-40.4475,16.0289
-28.8568,-33.5155,-222.2025,-16.4823,-34.2259,-6.7538
-7.2245,72.4935,-234.5311,9.7696,5.2931,-28.7421
-9.2797,-83.25,-226.6811,-18.877,-23.677,22.293
25.449,68.5647,-203.0614,-24.2148,-4.693,-55.3959
-32.1924,-43.9385,-193.8955,-42.3907,-64.2636,-22.2509
-90.3952,28.6764,-233.6472,30.4936,-20.4255,-9.3493
-75.996,-64.4729,-200.4438,-6.4816,-53.2092,7.4183
-49.1224,52.3456,-216.8487,8.5317,-24.6598,-37.6237
-29.0689,-27.7661,-194.4291,-43.6862,-65.0625,-34.5334
69.0957,-71.4449,-207.1117,-48.2245,-5.9391,12.4055
57.0033,-20.4248,-238.5007,-23.6004,8.991,1.7124
-90.374,-9.5189,-194.7085,4.0499,-58.5618,-25.2841
52.2711,-33.4881,-234.7979,-26.8353,3.5288,4.2249
91.1562,21.915,-201.0559,-48.7728,14.7274,-34.3754
13.5081,-41.1476,-233.3994,-21.8832,-13.6029,3.1387
-20.7368,30.7816,-212.6554,-15.3305,-30.9072,-41.8868
33.7769,-55.7442,-228.2503,-29.9453,-9.8495,8.9493
52.8272,-61.9143,-198.1594,-58.3911,-24.0446,-2.6614
-88.4575,2.8998,-206.3603,11.3258,-46.8977,-22.2316
-84.3938,-19.0112,-207.0764,5.5642,-48.6917,-12.8806
