orig_x,orig_y,orig_z,comp_x,comp_y,comp_z,pred_err_x,pred_err_y,pred_err_z
-23.81603779,8.787927731362725,-217.0599391,-24.48010757,9.615444390948106,-218.0692037,0.6640697851807928,-0.82751666,1.0092646510293548
95.36255564426429,-15.44795218,-208.2914703,103.78903798530592,-15.16225796,-208.8180176,-8.426482341,-0.285694216,0.5265472278746586
-6.121549314,5.413515697805083,-219.1340298,-5.403517138,5.971637509044005,-220.6372003,-0.718032176,-0.558121811,1.5031704703045534
-2.014843536,-44.05373769,-212.1787937,-1.496728803,-48.61498652,-212.9930396,-0.518114733,4.5612488281310775,0.8142459537002082
-18.8898937,-88.90120515,-223.3185603,-19.56812892,-97.28828066,-224.7477621,0.678235223095438,8.387075510126209,1.429201784697966
17.48095824842541,-93.47537803,-211.251842,18.743647148706287,-102.57658,-211.7665929,-1.2626889,9.101202007990821,0.5147508985575655
-68.47045183,-52.42546254,-227.1291079,-72.34219456,-56.50101053,-228.85929,3.871742727352867,4.075547991585005,1.7301821015766166
33.84038601320976,-93.36060708,-218.8061734,36.02254792058456,-101.8985365,-220.2300988,-2.182161907,8.537929466700547,1.4239254613765127
-3.390249456,-61.38931369,-218.1678033,-3.090744188,-67.35827826,-219.6712542,-0.299505268,5.968964571873272,1.5034509064008432
-34.29450894,-9.234970463,-217.375635,-35.85680581,-9.941086556,-218.4905888,1.5622968696137463,0.7061160930748454,1.1149538328228346
58.89071013041848,49.19208267248692,-219.8359899,65.9337830843233,53.39547973706368,-220.3496226,-7.043072954,-4.203397065,0.5136327351317789
59.353340045121556,-49.52021529,-229.0022138,64.12577799063374,-53.14773801,-231.8375423,-4.772437946,3.6275227232456473,2.835328452260171
32.98605107913054,76.26740862304214,-228.8495727,37.648001663876315,81.40215733397491,-230.1238738,-4.661950585,-5.134748711,1.2743010838612463
29.756311741696138,-81.18114661,-215.837789,31.99936931774286,-88.75603102,-217.1836956,-2.243057576,7.574884404318297,1.3459066595314653
-2.207599173,-16.0249656,-215.8778508,-1.471758625,-17.59153906,-217.1272988,-0.735840549,1.5665734562103175,1.2494480685823532
81.69473974573886,19.465826370982306,-221.7272451,89.8674305412824,22.05472441249684,-222.6084819,-8.172690796,-2.588898042,0.8812367759455242
80.59841067195067,10.382780378735987,-222.8288894,88.42117894888182,12.317784916712696,-224.0473051,-7.822768277,-1.935004538,1.2184157469195895
-35.77914909,49.53764088705586,-233.7403078,-37.76265152,53.32592264325234,-235.5174046,1.9835024264273073,-3.788281756,1.777096760523449
57.16057177855573,13.383509276918515,-234.8540714,63.13358633665247,15.027156111820428,-237.3168616,-5.973014558,-1.643646835,2.4627902454262767
-27.08441179,32.569358839544925,-211.0836727,-28.05437694,35.28791621119434,-211.1583733,0.9699651493780763,-2.718557372,0.07470054516866753
51.78878235008181,12.472481917044126,-217.3680519,57.47973678878667,13.914852521222041,-218.4515884,-5.690954439,-1.442370604,1.08353649384199
10.371253203896261,74.2629715518285,-232.3530883,12.813496970231487,79.20460826478981,-233.8899382,-2.442243766,-4.941636713,1.5368499022835351
-69.74261407,51.799949997863884,-207.9840982,-74.70517596,56.25642083923363,-206.798305,4.962561885290356,-4.456470841,-1.185793185
14.737538769876288,-43.01221135,-205.6199062,16.566838175128552,-47.2435618,-205.9088644,-1.829299405,4.231350451119411,0.2889582795179422
56.82487914213944,44.089450159367615,-213.1351004,63.58230299253083,47.89412553846179,-213.1052991,-6.75742385,-3.804675379,-0.029801302
-57.81895938,1.4669242994698894,-217.1416123,-61.45560674,1.9526680502718712,-217.8781801,3.6366473653343903,-0.485743751,0.7365677901240133
51.2296660614787,51.80118250057285,-214.1523903,57.668682708894906,56.09829853386054,-214.2096727,-6.439016647,-4.297116033,0.05728231370574122
66.35209178139424,-32.09022024,-205.1725569,72.29824636796425,-34.32620198,-205.7019711,-5.946154587,2.2359817326198197,0.5294141779086203
44.23338613996206,87.34959315813363,-228.3809377,50.17040463466044,92.98533438755632,-229.1362651,-5.937018495,-5.635741229,0.7553273798031057
96.02037251479621,-20.02305652,-230.2938307,104.03717447295179,-19.86934188,-232.6060329,-8.016801958,-0.15371464,2.3122022533906943
-9.79555303,26.047107081657213,-230.6811537,-9.502517345,27.987456045638645,-232.9269283,-0.293035685,-1.940348964,2.2457746397078324
-5.375887172,-40.82361386,-218.0072225,-5.085664305,-44.83388085,-219.6134899,-0.290222867,4.01026699302308,1.606267343997871
45.46340624603315,-57.42947171,-210.627489,49.217591605835835,-62.65512796,-211.7559851,-3.75418536,5.225656251920995,1.1284961111274754
22.516356283644928,-34.77069842,-232.0183865,24.984887707670715,-37.78674292,-235.0316154,-2.468531424,3.0160444933451416,3.0132289891938626
-62.43576041,-72.47164663,-222.6412519,-65.60657864,-78.7791621,-223.9004542,3.1708182374884757,6.307515465291388,1.2592023069725542
9.169567157703279,-48.72369268,-216.9650716,10.451011756812807,-53.55595164,-218.4738139,-1.281444599,4.832258961170339,1.5087422906641734
58.0577090155755,3.8763653428935556,-209.0594908,64.20791681044787,4.717611390666872,-209.3819974,-6.150207795,-0.841246048,0.3225065742524862
31.65978054574213,-22.04911095,-221.8763825,35.01375588518543,-23.97415078,-223.9182314,-3.353975339,1.9250398287882646,2.0418488339043677
36.45090611255839,-55.48759587,-222.5244752,39.61110940529257,-60.35356013,-224.7575227,-3.160203293,4.865964252108249,2.233047546915202
46.71323045441294,38.85293180491362,-207.3488822,52.63003222840595,42.24718822530575,-206.9695691,-5.916801774,-3.39425642,-0.379313021
-14.79729459,-22.41404358,-212.1143284,-15.02980417,-24.54840882,-212.9071846,0.2325095836088824,2.134365239658443,0.7928561950875803
-36.42003704,38.777729625016725,-220.652644,-38.34624626,41.863961447299076,-221.494558,1.926209217640661,-3.086231822,0.8419140213794094
46.57725007343641,-40.77817279,-230.6864609,50.66696657753688,-43.8818766,-233.6117982,-4.089716504,3.103703800660746,2.925337262579319
46.14598033127656,-51.24640003,-216.7810454,50.05117315644961,-55.73664696,-218.5225248,-3.905192825,4.490246928154001,1.7414793859374527
-23.27936437,-80.44510028,-233.9814794,-24.24995569,-87.71081061,-236.3065867,0.9705913242802922,7.2657103263120035,2.3251072935724153
61.14668608715869,43.30722033245139,-206.9843592,68.3675108156748,47.14031957115277,-206.2545155,-7.220824729,-3.833099239,-0.729843713
-65.88097253,53.107648780505265,-233.9328668,-70.57392627,57.22453294309061,-234.780788,4.692953735800728,-4.116884163,0.8479211688881207
23.722054204607,-1.471665479,-211.4833905,26.91306631021498,-1.479748561,-212.2866967,-3.191012106,0.008083082457166046,0.8033062596949776
-81.38618976,5.2578962021462745,-219.2294777,-86.71191658,6.6493690358385695,-219.6720902,5.325726813058054,-1.391472834,0.44261247186977926
72.7835523224719,-41.45652072,-232.1947032,78.60166580217037,-43.8655599,-235.1784842,-5.81811348,2.4090391829257953,2.9837809652580063
14.252118366040921,25.524519547911012,-223.513046,16.78793386037774,27.520577639523196,-225.2785791,-2.535815494,-1.996058092,1.7655331431073193
11.021260026099641,-3.93538386,-227.3861088,12.952689653639712,-4.369788057,-229.8492134,-1.931429628,0.4344041977740938,2.4631046238781664
12.398543819442494,77.90138893732444,-221.7291354,15.180380790740458,83.0988517882231,-222.440357,-2.781836971,-5.197462851,0.7112216157175908
-38.34514748,58.95757241865212,-214.0379178,-40.52339433,63.35571566860307,-213.9509118,2.178246847396231,-4.39814325,-0.087005942
-42.55522333,-57.31953907,-219.1787855,-44.71883746,-62.68040658,-220.4210323,2.1636141339411807,5.360867502917181,1.2422468136675207
-17.11683108,98.3614988293789,-227.8268765,-17.57051138,104.2011699610039,-228.5835778,0.45368029417081956,-5.839671132,0.7567013271265637
64.08512312750271,-30.68889047,-228.2872888,69.69506467541558,-32.45667461,-230.9548266,-5.609941548,1.7677841350396655,2.6675377975960544
42.586868080871106,3.027343638606991,-221.3111107,47.27530247643948,3.526545778648308,-222.9962602,-4.688434396,-0.49920214,1.6851494305275025
26.08705595157382,-52.55085306,-216.8719341,28.54617458625311,-57.55087145,-218.4734978,-2.459118635,5.000018399536664,1.6015636506491546
30.513486828873994,34.760339605833714,-211.7618097,34.78690331473041,37.641221737912545,-212.0862415,-4.273416486,-2.880882132,0.32443178893771574
-74.78257258,50.473948502698754,-224.2543247,-80.31324545,54.60045056374712,-224.292585,5.530672863761424,-4.126502061,0.03826029110038576
86.21839752344711,6.9764016567708955,-233.1173051,94.25523834523406,8.928902327824018,-235.0694339,-8.036840822,-1.952500671,1.9521287542599168
-24.15774267,-6.012136823,-228.9699245,-25.038895,-6.416936171,-231.2517234,0.8811523244833701,0.4047993480560814,2.281798899519714
-84.78795139,24.445903098608053,-228.7011227,-90.76178534,27.242779326488566,-229.3410576,5.973833955761876,-2.796876228,0.639934945192266
-14.91143589,-7.393020781,-213.421859,-15.07627068,-8.167846983,-214.3146653,0.16483478804232732,0.7748262013925711,0.8928063068618428
-25.10126237,-26.36374734,-219.0438745,-26.14085634,-28.83362719,-220.4773974,1.03959397144407,2.4698798464972143,1.4335229328694084
14.846473658950899,-66.57722534,-229.8039544,16.356809546295352,-72.6643727,-232.4067217,-1.510335887,6.087147363225085,2.6027672731716507
-12.51172261,-65.39591015,-213.972314,-12.76707277,-71.86338402,-214.9897177,0.25535015942931594,6.467473868789071,1.0174037257549742
53.18463991053648,13.226451988556724,-234.5800125,58.83901019827023,14.772903671937666,-237.0872253,-5.654370288,-1.546451683,2.507212823482007
-33.67208011,-65.26540012,-226.4460335,-35.31235328,-71.33134498,-228.3620835,1.6402731650111235,6.065944859120933,1.916049999647612
10.1776916347253,80.62616720259109,-208.6985757,13.007753722331458,85.99460582852203,-208.205028,-2.830062088,-5.368438626,-0.493547725
-73.06929979,48.897877686407384,-226.455629,-78.41666813,52.907888398937814,-226.7345003,5.347368335355952,-4.010010713,0.278871233683617
44.63599887522381,86.27193019359724,-215.0341276,50.83692389790856,92.00353903709683,-214.8784053,-6.200925023,-5.731608843,-0.155722279
38.452343805322734,87.77723696678206,-207.9977101,44.14890452959078,93.55120855270474,-207.3400704,-5.696560724,-5.773971586,-0.657639658
30.099955248957343,-31.45300351,-229.4208897,33.170550680409804,-34.03889581,-232.2117288,-3.070595431,2.585892302394715,2.7908390527515508
89.04716427818036,-8.477732206,-234.0450628,96.85356775313807,-7.60954385,-236.3987499,-7.806403475,-0.868188356,2.353687080285539
70.99872748350435,49.016881019257,-219.0189641,78.80049451778996,53.16078382806478,-219.2272441,-7.801767034,-4.143902809,0.20827993850474513
40.762819636247706,85.77928276670572,-225.495101,46.38177940921416,91.37849656368488,-226.1961499,-5.618959773,-5.599213797,0.7010489031316922
15.264755012623471,-17.43298831,-230.9232536,17.386386398537958,-18.97839099,-233.7865706,-2.121631386,1.5454026745270575,2.863317059544187
12.015073943167275,-74.33421199,-232.4641518,13.228978490887773,-81.06593832,-235.1017349,-1.213904548,6.731726330675741,2.637583166988179
-75.97935807,36.58412278760753,-224.3544578,-81.45311616,40.026781341816616,-224.7126387,5.473758090662187,-3.442658554,0.35818093379924676
92.70058043062186,-25.17012591,-217.4641551,100.51402249454449,-25.80253781,-219.0210684,-7.813442064,0.6324119043862702,1.5569132748184416
4.3668639385563255,-8.864774732,-211.0010545,5.762067739936137,-9.789033946,-211.6615176,-1.395203801,0.9242592141442785,0.6604630708248465
81.68499071657834,-11.68224647,-222.9500512,89.0377365601098,-11.49479156,-224.7106187,-7.352745844,-0.187454912,1.7605675449054559
-23.66015932,86.1623825239496,-229.195713,-24.81457752,91.53918918119999,-230.1774825,1.1544181996520102,-5.376806657,0.9817695026659976
59.89537060634172,-68.02787541,-220.5532329,64.28360772879672,-73.58458994,-222.7475792,-4.388237122,5.556714525403422,2.1943462248913477
44.88802422456744,64.59055725720812,-212.7929508,50.99642351017003,69.45456345850803,-212.6340126,-6.108399286,-4.864006201,-0.158938204
-49.34942517,69.8948921496152,-223.9387769,-52.67467278,74.76965032706244,-224.2409571,3.3252476154874415,-4.874758177,0.3021802343044442
34.559266006329594,80.68115814426953,-222.6416736,39.53113729830372,86.07239929635156,-223.3766395,-4.971871292,-5.391241152,0.7349658652794346
94.33015292574746,28.96039398254468,-217.8012853,103.52042090276444,32.52008453491358,-217.9105693,-9.190267977,-3.559690552,0.10928399231795538
-26.0761938,-77.77443759,-223.3835442,-27.25073431,-85.09839759,-224.9725633,1.1745405122380603,7.323959992652902,1.5890190834129783
43.28497694192516,-41.00207517,-233.1816043,47.15608974810813,-44.20970529,-236.3088873,-3.871112806,3.207630127713422,3.1272830242782277
13.031545082966035,25.15067967082712,-215.787713,15.52618773825873,27.07355515769428,-216.7834643,-2.494642655,-1.922875487,0.9957513003909355
-5.458969899,84.30082988684902,-217.2844626,-4.441435472,89.75904655348319,-217.5600293,-1.017534427,-5.458216667,0.2755667371254731
-83.46043058,36.77919481814696,-222.7263706,-89.55890743,40.35185048224119,-222.7266213,6.09847684816684,-3.572655664,0.00025062801253739053
34.71039921368905,-14.95936789,-212.3794071,38.530196315561696,-16.2895234,-213.3706764,-3.819797102,1.3301555108663816,0.9912692763662676
-9.02151815,89.85339163573565,-206.024737,-8.285263854,95.74461743895176,-205.2784931,-0.736254296,-5.891225803,-0.746243854
40.53371705661661,58.548614797008135,-233.6966828,45.78926257392658,62.955624216819004,-235.383722,-5.255545517,-4.40700942,1.6870392078110115
-18.52793891,-17.54107189,-226.1800812,-19.0552484,-19.10547925,-228.3084809,0.5273094889329748,1.5644073510847853,2.128399692619638
-55.51576792,58.300173499378644,-227.2330408,-59.34849904,62.574452833718226,-227.8334981,3.832731115570489,-4.274279334,0.6004572201876783
35.875920779421286,-59.31415471,-230.9417239,38.88145352783671,-64.40820902,-233.8303168,-3.005532748,5.094054310841194,2.8885928283094984
41.01335861144603,87.0364596090156,-233.6092419,46.52752212401511,92.56100973316791,-234.7309044,-5.514163513,-5.524550124,1.1216625334439811
8.854357068773794,15.37750842005079,-233.0374367,10.705173144810772,16.581696069837907,-235.7500595,-1.850816076,-1.20418765,2.712622838696717
14.41566290526068,48.16727237642686,-228.5657536,17.075199406712766,51.741798018234576,-230.3648293,-2.659536501,-3.574525642,1.799075731860711
12.444526125394935,75.92661425679968,-216.6618902,15.275366642879714,81.05433935344311,-216.9793285,-2.830840517,-5.127725097,0.317438274369664
-29.45619991,28.87423050569985,-209.8742505,-30.65173964,31.310674909104776,-209.8289606,1.1955397362061468,-2.436444403,-0.045289913
-10.41473942,-71.31976757,-227.2638574,-10.53209362,-77.90310019,-229.4190112,0.11735420084900205,6.58333262849861,2.1551537895879562
-53.20844951,32.96974986270927,-222.5099232,-56.67807227,35.89996801765487,-223.3591409,3.469622759238135,-2.930218155,0.8492176748180782
4.882165660947477,45.27709669007644,-232.1395449,6.696949939906428,48.644391896998584,-234.246436,-1.814784279,-3.367295207,2.1068910887050833
16.90098366475681,3.726391243399228,-206.7752595,19.581324285995557,3.988880728604486,-206.8217746,-2.680340621,-0.262489485,0.046515031885434155
23.214246510778114,-37.6147661,-215.673451,25.70226430756697,-41.03273577,-217.1803675,-2.488017797,3.417969678760393,1.506916549223007
8.499652517335809,-23.07599343,-211.3903882,10.106586242709948,-25.55611398,-212.1498408,-1.606933725,2.480120549325921,0.759452554874116
-69.47904114,21.9906296960065,-211.4877926,-74.09952362,24.414950416793275,-211.1690819,4.620482483298588,-2.424320721,-0.318710681
23.64081895002725,-49.74765808,-207.9231155,26.01960253018145,-54.47974457,-208.57554,-2.37878358,4.7320864899706265,0.6524245611045387
31.189545933232,39.399268866862116,-225.5844603,35.455902703255994,42.57552290218126,-227.2133694,-4.26635677,-3.176254035,1.628909103965043
-84.07894458,32.45111548357891,-215.2911209,-90.01231268,35.88529752599571,-214.7862519,5.933368100634809,-3.434182042,-0.504869042
-95.1880838,14.898528178802263,-220.8911417,-101.6519244,17.372781913024447,-220.8982197,6.463840638278029,-2.474253734,0.007078001614416962
23.35579346309709,-66.16416316,-220.1572153,25.448855374070156,-72.31070243,-222.0119556,-2.093061911,6.146539263586163,1.8547403127248003
-7.797182952,-15.47567313,-213.8008041,-7.421100447,-16.92340742,-214.7896881,-0.376082505,1.4477342894758216,0.98888395245163
55.3764508188995,-15.45360743,-205.1903018,60.92063387656853,-16.4287841,-205.3974494,-5.544183058,0.9751766784035212,0.20714753416280018
0.9897221744010918,98.69502102577641,-211.092253,2.8461645483871445,104.79891656327158,-210.7218595,-1.856442374,-6.103895537,-0.370393482
17.300380872516136,94.94187896382225,-227.0806056,20.481976840552292,100.71755156778121,-228.0610221,-3.181595968,-5.775672604,0.980416434419709
-23.95692937,-28.8660449,-219.3575257,-24.90070758,-31.56986789,-220.8351685,0.9437782039124052,2.7038229895636867,1.4776428619372552
32.13549033834645,49.50671066968193,-229.0175989,36.560588678401885,53.33673219141464,-230.7165486,-4.42509834,-3.830021522,1.6989496480618982
9.170856568658511,7.4314525675155165,-210.3317566,11.139711565661749,8.126701464529324,-210.8310242,-1.968854997,-0.695248897,0.49926757439089897
-76.62347261,16.88347870984728,-213.4686972,-81.76999361,19.050298827470442,-213.2936565,5.1465210060061395,-2.166820118,-0.175040633
-46.98179256,50.05964800010271,-233.49513,-49.93293784,53.791972086631205,-234.8793287,2.9511452815099446,-3.732324087,1.3841986409859999
3.6830670854918703,42.95991990913206,-223.5988203,5.423285011743018,46.15686221816647,-225.0438319,-1.740217926,-3.196942309,1.4450116589205209
3.709582189948091,11.239744312352661,-220.7471516,5.317762097181339,12.323091758860595,-222.3857217,-1.608179907,-1.083347447,1.638570065691738
87.41477555028287,17.26032074758886,-210.2187095,95.97210633738214,19.804183174560045,-210.191371,-8.557330787,-2.543862427,-0.027338464
18.26640399710313,-14.38891224,-233.7816428,20.640708613713095,-15.59149177,-236.8498304,-2.374304617,1.2025795338814653,3.0681876157752868
8.0119137694414,69.46430843978524,-224.9383158,10.240101800357408,74.20594537078142,-226.0515737,-2.228188031,-4.741636931,1.1132578394306165
35.33861917689023,26.733862432132295,-230.2659581,39.75847423940057,29.07799441077338,-232.4592081,-4.419855063,-2.344131979,2.1932499906387193
3.2761572308772764,-73.23082676,-228.6539323,3.9856967344748897,-80.03984718,-230.985843,-0.709539504,6.809020420705565,2.331910768329948
-67.08517567,-38.29713881,-224.9507206,-71.06755288,-41.12729001,-226.5774666,3.9823772083940696,2.830151199516216,1.6267460040269555
61.978814366247434,24.570322326400262,-209.2071347,68.87801218586401,27.148485763030017,-209.1001367,-6.89919782,-2.578163437,-0.106997972
86.80498679001603,-25.91681138,-221.1370776,94.14052167573519,-26.81112749,-223.0208745,-7.335534886,0.8943161113094824,1.883796943693767
-59.37982689,55.09638550811247,-213.8203691,-63.61180374,59.51656252013119,-213.3985506,4.231976850382516,-4.420177012,-0.421818434
-17.04128428,-4.544778276,-216.2247884,-17.32796612,-4.911352492,-217.4457316,0.28668184437286115,0.36657421629457954,1.2209432156050752
57.09137222085351,-78.01742776,-220.373823,60.99864715166795,-84.60420672,-222.4507557,-3.907274931,6.5867789591523405,2.076932733081094
-11.28483592,68.8170087129882,-207.303016,-10.84872839,73.6982149662596,-206.8068072,-0.436107531,-4.881206253,-0.496208849
-48.59292285,-26.29143241,-228.3039235,-51.38620886,-28.31337554,-230.3808725,2.793286009280166,2.0219431241761043,2.076949008305178
8.500900362890965,82.26639919281146,-230.640388,10.792900274121774,87.55331382751746,-231.9129933,-2.291999911,-5.286914635,1.272605369073915
81.35407496278054,-4.128848114,-205.9725686,89.13842489,-3.393521863,-206.0140918,-7.784349926,-0.735326252,0.04152310941034898
82.45554757074962,-43.14550077,-206.8663735,89.17780351552267,-45.88480877,-207.8762864,-6.722255945,2.7393079944031413,1.0099128942388234
-12.93919753,-70.51239344,-214.0721453,-13.26010988,-77.43749897,-215.0362279,0.3209123498168456,6.925105535577387,0.9640825591019393
-44.72412957,-84.07123679,-228.636349,-46.7460611,-91.50074232,-230.2911001,2.02193153703773,7.429505528605006,1.6547511042831218
28.94281548319209,29.845685503379748,-234.6567278,32.756343246657615,32.33578972319016,-237.1716099,-3.813527763,-2.49010422,2.5148820842908037
45.329313662871826,-73.49687331,-216.3762084,48.69974976226709,-80.04190336,-218.0397704,-3.370436099,6.545030049308508,1.663561942315397
-8.245496385,-22.71938908,-215.3084615,-7.946293102,-24.82748055,-216.4993692,-0.299203284,2.1080914722524575,1.1909077568314785
-36.44828657,65.92238018747265,-225.4537858,-38.5086642,70.84465356342187,-226.4424684,2.060377634134632,-4.922273376,0.988682635141032
-29.63771718,29.050527704724153,-205.9129841,-30.88546548,31.563144948022526,-205.5071206,1.2477483063072405,-2.512617243,-0.40586355
32.84337048718873,76.13756376045774,-209.539037,37.936447242688004,81.468738665935,-209.0986277,-5.093076755,-5.331174905,-0.440409378
-8.040950472,5.918360469915307,-205.8708661,-7.358042111,6.426119323924853,-205.7010522,-0.682908361,-0.507758854,-0.169813867
31.12982044828015,-1.663744491,-210.1952903,34.877917492629635,-1.656723464,-210.8239455,-3.748097044,-0.007021028,0.628655165444286
-96.13355512,-9.453135892,-221.1014417,-102.4593252,-8.968581048,-221.6200281,6.325770089397594,-0.484554843,0.5185864540765976
24.390863358275464,-56.9492713,-226.1299056,26.658489106687647,-62.06780071,-228.5819547,-2.267625748,5.118529416063133,2.452049151381061
-44.49937871,71.38342962707725,-222.4097544,-47.40313822,76.6247694104045,-222.9236958,2.9037595113056156,-5.241339783,0.5139413883159989
49.654172220339454,51.69878782735585,-231.9062876,55.68974550269063,55.855266847338655,-233.4622639,-6.035573282,-4.15647902,1.5559763026500946
-33.77936685,26.773671237562613,-209.9642295,-35.39217257,29.06373041457835,-209.9135512,1.612805721735178,-2.290059177,-0.050678343
-49.91176595,10.85326474245372,-217.6935979,-52.94718531,12.029963360945036,-218.4767495,3.0354193614076905,-1.176698618,0.7831516841384314
52.229633997509815,26.708667512465503,-206.8639649,58.36373653139658,29.22508381948667,-206.539682,-6.134102534,-2.516416307,-0.324282826
74.76775417307874,20.735080657798264,-212.4650094,82.57679862936061,23.36453234831137,-212.6306261,-7.809044456,-2.629451691,0.16561671208160078
29.46713814492771,-72.52851339,-219.1115245,31.846070952331004,-79.21127788,-220.8599356,-2.378932807,6.682764488655792,1.7484111055318579
6.323894139627169,-99.05462746,-232.5625384,6.950337641436954,-107.9371892,-234.4963995,-0.626443502,8.88256172976648,1.9338610553012359
-51.19976194,-12.09085524,-229.4964504,-54.31375805,-12.80538868,-231.5498466,3.1139961037627444,0.7145334460229495,2.0533962101913232
4.617175847117132,18.525069058300076,-213.8035428,6.414433300145518,19.769630075218316,-214.4366754,-1.797257453,-1.244561017,0.633132629260615
14.21106960628675,16.080136187892577,-229.492567,16.593808218921158,17.36489273711328,-231.9111137,-2.382738613,-1.284756549,2.4185466606991213
26.87216653434852,9.070443516281365,-205.2083853,30.555448333589617,9.985132943207262,-205.1099469,-3.683281799,-0.914689427,-0.098438419
57.45813765178451,16.643761309851318,-222.1875658,63.62789563437957,18.554922407605467,-223.5824832,-6.169757983,-1.911161098,1.3949174668465787
74.64267006873855,47.93089843887848,-220.509623,82.69412309646148,52.08452942170227,-220.7716568,-8.051453028,-4.153630983,0.26203385956304714
30.05733011878806,-51.42138747,-214.6290819,32.82808873489057,-56.0853401,-216.0806888,-2.770758616,4.66395262833808,1.451606891455583
18.92882163266554,56.36038748859494,-222.0900337,22.187361855113792,60.489634840471126,-223.1948378,-3.258540222,-4.129247352,1.1048041749849062
45.33419198606433,-80.23141212,-211.2831488,48.55793322749976,-87.5456642,-212.4204999,-3.223741241,7.314252082000053,1.1373510723880145
-44.45064003,9.015164063146388,-221.9420762,-46.98926986,10.018491120677542,-223.2240878,2.538629834006109,-1.003327058,1.282011548288466
52.30517421555886,-26.40491419,-223.9557785,57.15344306612748,-28.27536259,-226.2249268,-4.848268851,1.870448399788799,2.2691482627401456
67.72818202415624,7.806543160322461,-224.5647316,74.48900259811717,9.178779699093408,-226.1807937,-6.760820574,-1.372236539,1.6160621205105201
12.298977785947159,45.6639074958297,-215.9261718,14.906335698847442,49.09860890645432,-216.5829801,-2.607357913,-3.434701411,0.6568083614603779
39.68567298917706,34.57722303208782,-216.0383605,44.764358978842395,37.58337634676842,-216.7482602,-5.07868599,-3.006153315,0.7098997602345207
-32.49246135,23.25484865908022,-228.7829641,-34.01084357,25.209989905440715,-230.5921732,1.5183822199342956,-1.955141246,1.809209176903579
24.23302332459607,-74.5600636,-231.1514228,26.200717288230223,-81.22255182,-233.7861831,-1.967693964,6.66248822266995,2.634760249944179
37.89970455574267,9.755012260510536,-216.8578317,42.35302086685644,10.703768226770585,-218.0207324,-4.453316311,-0.948755966,1.16290070403997
14.774454496635041,76.97499485186728,-223.0259846,17.78793887760846,82.13101997717206,-223.8343942,-3.013484381,-5.156025125,0.8084095701101717
-37.44201754,59.97464619197905,-221.0107251,-39.5267963,64.3032734020245,-221.5015374,2.0847787657713397,-4.32862721,0.4908123317383115
-35.43907938,-36.2935802,-221.2705319,-37.25980397,-39.58120567,-222.8602013,1.8207245871540323,3.2876254623649785,1.5896694393739494
-12.27474456,-33.70576941,-216.9670705,-12.41530334,-36.88405394,-218.4181345,0.14055877328560484,3.1782845209890738,1.451064017868191
33.77676642145133,41.918714384355155,-230.4912355,38.24409413745832,45.28691836221617,-232.4288363,-4.467327716,-3.368203978,1.937600849072453
-30.2298199,44.31527137371773,-233.4110139,-31.66692091,47.76544570153702,-235.3506839,1.4371010105029747,-3.450174328,1.939669932520502
-90.05741376,10.436926949648972,-229.9804216,-96.19346368,12.374294496832125,-230.8385745,6.136049924892021,-1.937367547,0.8581529173214051
72.590053038268,66.18595657965143,-206.9118732,81.17269030505162,71.48018952649036,-205.6494452,-8.582637267,-5.294232947,-1.262427993
-16.4822292,77.2804516678017,-209.5452172,-16.62590592,82.57087495425574,-209.1798356,0.14367672321392533,-5.290423286,-0.365381592
47.88269401408789,-77.01349236,-214.9717336,51.324691311867184,-83.87192491,-216.5107279,-3.441997298,6.85843254615429,1.538994330828075
88.64948234660451,-17.36064727,-205.1210378,96.59742660727153,-17.52884116,-205.4048258,-7.947944261,0.16819388806112912,0.2837880385170024
27.445833942188468,-58.54030207,-210.5974812,29.925948661354475,-64.02085453,-211.5820627,-2.480114719,5.480552465614714,0.9845814522560943
65.21338465266362,7.136703796619603,-220.4376497,71.83502583608896,8.371218338478464,-221.7520999,-6.621641183,-1.234514542,1.3144502069045814
37.57998502181753,75.46549457695144,-205.8399765,43.16826891753642,80.84555519394195,-204.9357514,-5.588283896,-5.380060617,-0.904225137
76.01050714072035,-24.56176496,-207.7605863,82.83076769940945,-25.84706546,-208.4525843,-6.820260559,1.285300497039696,0.6919980371276608
55.35207318727384,73.18145726710262,-228.0422181,62.15953349002619,78.38103434621695,-228.8195741,-6.807460303,-5.199577079,0.7773560077993125
-8.093845535,-78.63507351,-213.9080774,-8.108688691,-86.4121682,-214.782204,0.014843155105793926,7.777094688621261,0.874126578465706
15.316771850164521,10.93314722682358,-230.0456968,17.745373458019472,11.817374775912786,-232.5745936,-2.428601608,-0.884227549,2.5288968235137474
70.20538276113845,-25.17728496,-205.5618369,76.60793577984526,-26.73315573,-206.0063489,-6.402553019,1.555870773389998,0.44451202669944223
-54.4763078,-33.78841347,-230.9761854,-57.61766992,-36.48226822,-233.153741,3.1413621196000463,2.693854754146578,2.1775556176880286
17.971080262103186,5.164041654081562,-230.8759131,20.568869508581372,5.606107981625039,-233.5379132,-2.597789246,-0.442066328,2.6620001209960265
-15.34813289,84.53376198919001,-227.3952333,-15.59581336,89.88592150035268,-228.3869021,0.2476804702209474,-5.352159511,0.99166880419412
43.677697922330914,-78.21259694,-228.2342267,46.755771210872766,-84.96616374,-230.7639703,-3.078073289,6.753566792185737,2.5297436394102704
-58.84898305,53.618026099944046,-228.725706,-62.94936227,57.64350764422403,-229.4317892,4.100379226859587,-4.025481544,0.7060831986924825
59.17305192596627,63.260775403670586,-220.0443912,66.32809848083879,68.11443487106187,-220.3947515,-7.155046555,-4.853659467,0.3503603930471968
74.86323639671244,-0.328024777,-217.5520196,82.10388368209675,0.5591523009201427,-218.6770524,-7.240647285,-0.887177078,1.125032874279583
70.77242586370161,-40.62887235,-232.5617509,76.47763676158291,-43.02126781,-235.5691805,-5.705210898,2.3923954538451255,3.0074296132388554
2.395644744743619,1.982436348405433,-218.1337727,3.755665462235041,2.0979860810576922,-219.4644448,-1.360020717,-0.115549733,1.3306720991340057
41.45275701813359,20.87938588184449,-205.7699107,46.53933743104257,22.737541066057148,-205.4775503,-5.086580413,-1.858155184,-0.292360386
-47.19519989,39.36647115361111,-232.986613,-50.12130723,42.548017227876514,-234.5907187,2.9261073330106555,-3.181546074,1.6041056744178093
8.976885261543565,-42.85399434,-232.4125046,10.326702480332003,-46.74799723,-235.3890504,-1.349817219,3.894002889795459,2.976545762462308
54.63535851583721,-78.33873251,-210.3089243,58.477755911068954,-85.27487714,-211.5097095,-3.842397395,6.936144622329991,1.2007852353809199
-11.64883058,78.48235022236953,-233.2480514,-11.53592524,83.51023267130157,-234.7301879,-0.112905337,-5.027882449,1.482136498496402
23.06894509997683,45.25353481452871,-231.1154158,26.546810488039597,48.723797839506645,-233.1449094,-3.477865388,-3.470263025,2.029493593681053
-2.877782595,-20.85881079,-231.9575033,-2.285898709,-22.82585789,-234.8580303,-0.591883886,1.967047100649264,2.9005269711740596
20.465221240406834,3.9818410382662672,-233.3091829,23.241273550759956,4.372576138574771,-236.1686893,-2.77605231,-0.3907351,2.859506397995318
14.445112781480363,13.658560929294978,-217.6209529,16.890687141329867,14.73816525458605,-218.9195029,-2.44557436,-1.079604325,1.2985499687854087
21.58798403,56.98091968863901,-222.7095154,25.117038624160628,61.0564019077956,-223.8430268,-3.52905459,-4.075482219,1.1335114049798563
16.959132465644718,-62.43745047,-206.9095459,18.67162377223182,-68.52168287,-207.3581391,-1.712491307,6.084232393251057,0.44859314592960686
-21.763191,-15.44947366,-226.3273198,-22.56172899,-16.81554182,-228.4359812,0.798537989573127,1.3660681613538674,2.108661355611474
56.21200769127527,74.48759543921123,-207.6392407,63.501827577374755,79.85756087353965,-206.7388237,-7.289819886,-5.369965434,-0.90041693
-67.47307426,-49.42539037,-229.3308876,-71.3214804,-53.21060206,-231.2246872,3.848406141082492,3.7852116897582206,1.89379958510753
18.10679289073508,-8.469835746,-213.037492,20.6813267940434,-9.442194915,-213.9377769,-2.574533903,0.9723591687378601,0.9002849386356502
56.62689892866632,62.371140008526325,-229.5393849,63.3502715511803,67.08915806881046,-230.6563607,-6.723372623,-4.71801806,1.1169758228361388
-50.21371099,51.188878141382276,-225.802117,-53.50520747,55.03150765605557,-226.5711224,3.2914964823487765,-3.842629515,0.7690053967232586
15.861034844100466,-2.282674711,-223.5986246,18.13503641641138,-2.619399628,-225.6284473,-2.274001572,0.33672491774136937,2.0298226960069314
75.9782685945702,42.37042187356454,-229.6699664,84.1124972721482,46.36553475665056,-230.6266149,-8.134228678,-3.995112883,0.9566484953210761
-56.7026647,-62.23307738,-231.3337189,-59.77144497,-67.34029645,-233.4872163,3.068780269594747,5.107219071328814,2.1534973742974444
-41.80335983,59.87797824979817,-214.3308,-44.33849304,64.34380897762368,-214.2054538,2.535133207148654,-4.465830728,-0.125346238
-85.76479444,34.28325764091995,-231.9851771,-91.90115565,37.59675438706451,-232.4978047,6.136361211347804,-3.313496746,0.5126276412832453
-20.03644898,-84.01472841,-210.3460757,-20.77507119,-92.29524205,-210.6845068,0.7386222128734055,8.280513632147873,0.3384310723181443
78.62449407143328,-34.38340019,-224.5779195,85.19080638017124,-36.07727095,-226.9735728,-6.566312309,1.693870767503583,2.3956532585137893
-69.03904569,-5.624885494,-233.8064469,-73.48334192,-5.410992493,-235.7477663,4.444296236583924,-0.213893001,1.9413193724375617
-9.705587861,20.72529599329687,-222.1782518,-9.336211199,22.357372229513665,-223.7501652,-0.369376662,-1.632076236,1.5719133317479645
-16.26864934,47.88333730643682,-216.0559497,-16.2614293,51.57413158308849,-216.6341773,-0.007220033,-3.690794277,0.5782275499436196
0.6542367244467833,38.832175391388276,-216.5786385,2.16216598047926,41.76485279693671,-217.3820543,-1.507929256,-2.932677406,0.8034157560232984
0.43318103115652923,-13.75686119,-230.2542584,1.3539263876457,-15.09781261,-233.0034662,-0.920745356,1.3409514190822254,2.7492077878384578
-8.617449013,-32.7953965,-210.8877021,-8.477391656,-35.936149,-211.6444686,-0.140057357,3.1407524913330818,0.7567664641441922
41.7596495405768,-69.60612393,-230.7955501,44.909096291846964,-75.53663827,-233.600469,-3.149446751,5.930514338285505,2.8049189723749066
-77.76626728,48.37310301945951,-220.6051391,-83.5527143,52.568647139993246,-220.3683745,5.786447024543392,-4.195544121,-0.236764574
54.78958129361413,79.79151297740084,-212.5275055,61.94485472590013,85.36223890646184,-212.0213654,-7.155273432,-5.570725929,-0.506140137
-37.58813496,6.8789974126181095,-218.8815381,-39.50656548,7.62396925150575,-219.9757379,1.9184305194288243,-0.744971839,1.09419984233881
77.75534399328674,57.987557176311164,-217.613124,86.43302075024536,62.93632269612819,-217.365286,-8.677676757,-4.94876552,-0.247837956
16.26153560347467,49.81004212734299,-210.2982425,19.398990548990355,53.669988124314884,-210.315113,-3.137454946,-3.859945997,0.016870440264085573
-15.90521829,-25.04420625,-218.4016896,-16.16304622,-27.29803965,-219.9557077,0.2578279252289839,2.2538334015939228,1.554018072951095
-80.70457747,55.25892186776852,-217.9614976,-86.84194761,59.88363124164056,-217.2677369,6.137370137913109,-4.624709374,-0.693760618
52.01542451170155,8.118585753929162,-219.2110639,57.61747316891092,9.221955634140063,-220.5519802,-5.602048657,-1.10336988,1.340916229388398
49.5994348066413,-85.99731251,-210.9819451,52.908510116212284,-93.7739219,-212.0930253,-3.30907531,7.776609389952782,1.1110802120445271
-16.81907169,-35.6358541,-233.5427533,-17.46382126,-38.85168714,-236.4544336,0.6447495633692419,3.2158330426143493,2.9116802976489
-94.70727825,28.871026367291563,-219.697943,-101.3633938,32.29357403585266,-219.2905393,6.656115530775438,-3.422547669,-0.40740367
-21.97040677,90.7127182104626,-211.1131112,-22.75178385,96.5432342724877,-210.7163652,0.7813770788215209,-5.830516062,-0.396745966
-15.88793649,-14.78954304,-233.9356942,-16.32494907,-16.13654973,-236.8140764,0.4370125738722592,1.347006689255256,2.8783821734739377
65.16802517563197,64.24081917207484,-210.6063374,72.99666055023854,69.31917420230397,-209.9323861,-7.828635375,-5.07835503,-0.67395132
41.958845413156205,60.668322692226745,-221.4215917,47.588741851703034,65.27253939690466,-222.1567821,-5.629896439,-4.604216705,0.735190350412779
57.86630981670936,-29.06972878,-225.5248931,63.04030167077224,-31.02032076,-227.9408231,-5.173991854,1.9505919743682298,2.415930061746309
-83.33242014,37.83697556493049,-233.4478415,-89.30676991,41.32215211863051,-234.0356977,5.974349766056164,-3.485176554,0.5878561977021945
12.107540384362794,37.76915843151804,-219.4899146,14.62908986296387,40.867044585204056,-220.6391768,-2.521549479,-3.097886154,1.1492621567522576
11.57834601128815,67.24225572658301,-206.6286812,14.466232771172493,72.0393782439375,-206.0664902,-2.88788676,-4.797122517,-0.562190975
38.428141711232165,-78.60331031,-207.4447212,41.217222448343236,-86.1108412,-208.070015,-2.789080737,7.50753088986248,0.6252937551449804
60.975787537817304,4.655733582305503,-221.624687,67.18988684321273,5.586456292723799,-223.1386105,-6.214099305,-0.93072271,1.5139234546344653
86.56074075471022,-13.11199073,-228.7690989,94.08107623598295,-12.82060966,-230.9007771,-7.520335481,-0.291381078,2.131678208933721
-39.84100097,-78.73284447,-222.8542536,-41.72132765,-86.04199814,-224.2465016,1.88032668085647,7.309153671318754,1.3922480106467106
-86.33571445,28.028650316540148,-218.0263081,-92.36637519,31.21169478286057,-217.7800026,6.0306607403176855,-3.183044466,-0.246305443
-36.16694378,-12.25346986,-234.8426364,-38.07463692,-13.2143944,-237.4514013,1.9076931383971996,0.9609245384316374,2.6087649377908235
12.909451074016811,-56.69785225,-224.5798951,14.39565290334368,-61.96551728,-226.8331454,-1.486201829,5.267665028292882,2.253250234595413
42.45024554245033,59.68497158681262,-222.0471867,48.10381063446121,64.23914101908423,-222.8444955,-5.653565092,-4.554169432,0.7973087634586875
46.17135964523701,-87.82389041,-225.8014274,49.15217897675332,-95.47321264,-228.0203048,-2.980819332,7.649322233312674,2.218877384172629
66.50456125717895,-33.01380259,-231.2581471,72.16553273164305,-34.87309278,-234.1399972,-5.660971474,1.8592901895479415,2.881850097568787
-57.27930232,59.749334316305315,-214.732569,-61.34254019,64.42345043192704,-214.3675275,4.063237869492205,-4.674116116,-0.365041496
-6.538078101,78.42820933956793,-220.5471083,-5.793077055,83.59147269524914,-221.1910794,-0.745001046,-5.163263356,0.6439710738580686
-39.82628535,39.9054674613443,-227.2898252,-42.07327077,42.970339677327274,-228.5713343,2.2469854230278585,-3.064872216,1.2815091519532587
-22.75256001,-75.51052319,-228.9663107,-23.71255181,-82.52026818,-231.0815776,0.9599918038361004,7.009744988649743,2.1152669687348578
-59.84197733,22.030858144702744,-213.7253262,-63.84844822,24.19186422336545,-213.8090814,4.00647089113837,-2.161006079,0.08375516634873748
94.33721992509604,28.101049750912257,-234.8527748,103.36382431064129,31.742567717766896,-235.9671616,-9.026604386,-3.641517967,1.1143867464546418
19.830029856018793,-7.643393896,-224.8662305,22.45069005261376,-8.280994221,-227.1092004,-2.620660197,0.6376003246185515,2.2429699575512245
-36.6788581,42.699440028755625,-220.779276,-38.64184629,46.057392172989765,-221.57259,1.9629881952868118,-3.357952144,0.7933140395326745
14.615225601605708,42.07207106414808,-233.9983664,17.160247422083486,45.1075286639407,-236.3024427,-2.54502182,-3.0354576,2.3040762491237956
97.85664066639914,-8.810072871,-212.0736131,106.58489388162641,-7.830697958,-212.7248629,-8.728253215,-0.979374913,0.6512498271550555
66.95931860852058,12.406882907779195,-216.984183,73.90034192895521,14.203928283514934,-217.8849919,-6.94102332,-1.797045376,0.9008089505271641
11.682250752436966,78.2147151853002,-227.0055772,14.32902482030362,83.38056409862773,-228.1019136,-2.646774068,-5.165848913,1.096336453107483
63.7141040128194,20.41617346611452,-218.8115596,70.52845064038489,22.74679471665287,-219.741039,-6.814346628,-2.330621251,0.9294794743061345
95.58337727541632,15.981109125484341,-218.725335,104.68467599858656,18.81742187950872,-219.1639573,-9.101298723,-2.836312754,0.43862235000631244
54.89973965934996,-42.9760772,-216.6998648,59.62821467026242,-46.4513495,-218.4587048,-4.728475011,3.475272300098247,1.7588400273463378
37.832939599125545,61.94639877101623,-213.7015487,43.19751066797765,66.59140594046995,-213.7853911,-5.364571069,-4.645007169,0.08384240150442679
42.26536729678304,-34.07456476,-210.6663619,46.328731114562174,-37.08852543,-211.668814,-4.063363818,3.013960667374178,1.0024520297135382
47.364233511043594,34.444017201577076,-213.313952,53.106816326286406,37.442208826371925,-213.6184283,-5.742582815,-2.998191625,0.304476309111692
2.6772033095539074,37.29653498525498,-226.0112038,4.262649321591946,40.09660619487519,-227.7490158,-1.585446012,-2.80007121,1.7378120342886518
-26.16237974,80.03234235805508,-223.1474096,-27.41539859,85.41379818046562,-223.8300518,1.253018851363553,-5.381455822,0.6826421503484141
-65.9116977,28.173799493950717,-230.2934949,-70.40953509,30.919858890855537,-231.5204614,4.49783738261965,-2.746059397,1.2269665423091567
-27.20590528,90.80266035310885,-211.6373969,-28.57901828,96.62752987369817,-211.2229902,1.3731129964561575,-5.824869521,-0.4144067
45.007948928719514,-12.76676358,-224.6290181,49.56463824440192,-13.5611961,-226.8222605,-4.556689316,0.7944325282437976,2.1932423690755627
70.54906300886597,36.20325564238396,-223.5577289,77.97981699673585,39.564123131691744,-224.4846289,-7.430753988,-3.360867489,0.9269000419643589
70.02345490521836,19.40986370184931,-212.7768825,77.42345094813203,21.8130936451537,-213.0689933,-7.399996043,-2.403229943,0.29211079357980907
32.746518780197476,-41.14815435,-228.0307456,35.864417412689875,-44.6141798,-230.7310621,-3.117898632,3.4660254485015756,2.700316509546809
93.08610979056462,35.41405191262198,-218.4445892,102.51923496198862,39.380544468554504,-218.291873,-9.433125171,-3.966492556,-0.152716132
10.89336887858857,-33.54954414,-223.9216057,12.493995981664444,-36.67168388,-226.1853135,-1.600627103,3.122139736509027,2.2637077943765576
-51.03361987,-29.80643313,-233.8099273,-53.95716283,-32.14551244,-236.2184416,2.9235429644742723,2.339079311316439,2.4085143265567694
-26.78123913,1.18913159519092,-218.0079082,-27.71244355,1.377309992902592,-219.164971,0.9312044195713725,-0.188178398,1.1570628197999326
-15.34278085,-54.39001213,-222.6350698,-15.86827616,-59.63978455,-224.5306224,0.5254953135191833,5.249772415161985,1.8955525713375039
-53.00383147,64.58202777199902,-232.9848701,-56.61195295,69.13385077104883,-233.8716873,3.6081214783487496,-4.551822999,0.88681714114594
-44.23621957,13.006777349107727,-216.3676091,-46.78020128,14.296568995700806,-217.064152,2.54398171417116,-1.289791647,0.6965428582375921
-17.99330944,-75.98963325,-225.3436123,-18.65653885,-83.1790422,-227.2137139,0.6632294085693147,7.189408948012186,1.8701015690581642
-34.45434274,71.62105793282242,-232.2815262,-36.56266955,76.52963722794954,-233.5806915,2.1083268081187967,-4.908579295,1.299165343455229
-7.721203096,-67.38085529,-209.7543118,-7.70536138,-74.12025778,-210.2544731,-0.015841716,6.73940249758428,0.5001613598246593
-39.97612803,-24.14282772,-216.6358938,-42.11801991,-26.26505799,-217.7407512,2.1418918802777682,2.1222302647485805,1.1048574220050682
87.24342975796894,46.311874157101684,-232.2730642,96.24381752375038,50.76935149413501,-232.8628398,-9.000387766,-4.457477337,0.589775600677882
-5.660220648,-5.442409084,-226.4275635,-5.157034923,-6.048838707,-228.6980073,-0.503185724,0.6064296224665089,2.2704437611285186
-42.91301773,-89.29251834,-227.9931938,-44.7803125,-97.27815954,-229.5053848,1.8672947667877864,7.985641202399407,1.5121909728486287
-26.57965587,-29.90760184,-233.2206463,-27.75606772,-32.50132086,-235.9619683,1.1764118510904247,2.593719014984309,2.7413219858913465
-5.645683183,71.77915661105102,-216.2741188,-4.663779048,76.63788780706298,-216.6093796,-0.981904135,-4.858731196,0.33526079436069267
37.66385861922546,75.46417197483278,-230.7227617,42.809303694749744,80.61518782173587,-231.9862491,-5.145445076,-5.151015847,1.2634874110035241
20.67179175330631,-21.73407641,-230.8573241,23.18340818312629,-23.60591108,-233.7444333,-2.51161643,1.8718346698259651,2.887109245477575
-1.899753477,-67.1743694,-232.8496944,-1.499913029,-73.332595,-235.5436271,-0.399840448,6.158225599805988,2.6939327072031176
82.27242237598854,31.48763054566852,-225.1722321,90.66384804787552,34.86128747378333,-225.9736604,-8.391425672,-3.373656928,0.8014283049438689
-25.25021883,-94.0638452,-221.9964132,-26.23852818,-102.900571,-223.1559277,0.9883093458693288,8.83672575791114,1.159514425363966
-80.03659907,33.01892537874829,-219.684681,-85.61501486,36.42711581792139,-219.6432725,5.578415786241777,-3.408190439,-0.041408474
59.97444700355951,-66.79725068,-211.9373246,64.41606853714832,-72.54286561,-213.3638154,-4.441621534,5.745614936368725,1.4264908368527074
97.52423368624156,3.818433486028835,-213.5473263,106.39859554631124,5.713294670193046,-214.0844292,-8.87436186,-1.894861184,0.5371028973631837
-50.93409801,58.194352177468446,-213.4146906,-54.36898185,62.74470716255408,-213.0912221,3.4348838394594523,-4.550354985,-0.323468562
4.4948151385947686,9.101542862123862,-214.6803875,6.11923366311483,9.938266579045088,-215.6185418,-1.624418525,-0.836723717,0.9381542393464031
86.9332350008981,-38.17112548,-209.3551277,94.08878292904228,-40.24535766,-210.5336655,-7.155547928,2.074232172279949,1.1785377523943623
32.59981706365586,-56.23038245,-210.406,35.48446612804415,-61.401042,-211.4242132,-2.884649064,5.170659551090132,1.018213143411515
84.26732836947866,1.3738161450798951,-230.614452,92.01964209051982,2.707655693327515,-232.5720132,-7.752313721,-1.333839548,1.9575611802570734
75.99499870399715,-54.94065952,-231.3443533,81.60148575027947,-58.49608803,-234.3378765,-5.606487046,3.5554285053884342,2.993523228058109
57.20166029285245,-60.70030899,-231.2400628,61.48263577125178,-65.37206878,-234.19442,-4.280975478,4.67175979223758,2.954357192852939
-33.53272027,-35.71921961,-233.711092,-35.21261538,-38.77687534,-236.4124184,1.6798951085342821,3.0576557334961336,2.7013263702474717
-56.66452306,-41.67592286,-230.1498902,-59.92637813,-44.99187564,-232.2473818,3.2618550643353714,3.3159527717837065,2.0974915412794815
86.4158812768126,3.1661682151417065,-208.2729996,94.73008561270723,4.692358855934963,-208.3267,-8.314204336,-1.526190641,0.053700330855264156
76.56753187673361,40.19692967126042,-211.1767333,84.80447445903363,44.07536263841928,-210.8251769,-8.236942582,-3.878432967,-0.351556455
-12.82119925,91.80668606749832,-225.2818572,-12.77920309,97.47627191527008,-226.0360807,-0.041996167,-5.669585848,0.7542235123065666
-6.012714175,85.96080069337248,-211.4880915,-4.996135767,91.52418622561214,-211.2455006,-1.016578408,-5.563385532,-0.242590894
88.07149878173209,23.238853931570613,-225.6266435,96.72354871092512,26.264611244488883,-226.5363222,-8.652049929,-3.025757313,0.9096787372311894
23.813510477933505,3.907672156610888,-225.6657172,26.970687032527167,4.27044794900974,-227.888136,-3.157176555,-0.362775792,2.2224188421497217
80.39445054966485,-20.08328707,-230.3187028,87.27776218331408,-20.58738484,-232.7699892,-6.883311634,0.5040977701887215,2.451286389536307
15.824120646408922,63.17816872911724,-229.2571502,18.735528241975558,67.64277544651573,-230.8312102,-2.911407596,-4.464606717,1.574060012711044
-5.050326806,-45.3912308,-220.5836278,-4.754456961,-49.87532277,-222.4454387,-0.295869845,4.484091971844258,1.8618108303802785
-2.00582376,34.83316751736225,-220.8623572,-0.819078741,37.477877545710825,-222.1410962,-1.186745019,-2.644710028,1.278739030853643
-44.39558456,27.3582929792343,-220.3311192,-47.02690597,29.802161062228365,-221.2254557,2.631321406592086,-2.443868083,0.894336412547375
-53.56113158,69.1204505331228,-234.5363909,-57.245455,73.8731718792339,-235.3814672,3.684323414778383,-4.752721346,0.8450762383132542
-8.455621572,51.22621744981854,-221.50683,-7.8689248,54.96198308689294,-222.5922428,-0.586696772,-3.735765637,1.0854127599164087
-20.26221759,-93.72614328,-220.4674235,-20.98947348,-102.6176155,-221.5447561,0.7272558922386487,8.891472255621764,1.0773325949194827
25.732049297525784,-3.218230991,-229.685293,28.917383812336723,-3.40249091,-232.3297839,-3.185334515,0.18425991952076126,2.644490951369022
-79.52490432,45.13098259120004,-222.202682,-85.40783324,49.15602340993914,-222.0991964,5.882928916129316,-4.025040819,-0.103485618
-4.519326067,27.506509912192065,-234.8301527,-3.746127797,29.580831790326513,-237.3861201,-0.773198271,-2.074321878,2.555967472812199
15.115496821027927,48.71913802057991,-216.7850303,18.057302846157416,52.559736002097324,-217.5074842,-2.941806025,-3.840597982,0.7224539630508104
56.61986532517207,-47.66710598,-230.9021481,61.2291486801293,-51.15600075,-233.8591364,-4.609283355,3.48889476803334,2.9569882322878698
-25.3907768,71.32524335849291,-223.6506284,-26.54878649,76.29687190985692,-224.5203883,1.1580096926017198,-4.971628551,0.8697598695743523
3.305202957495074,-16.04337661,-206.9842638,4.570627205578527,-17.58075842,-207.2370213,-1.265424248,1.5373818125997083,0.2527574677717439
27.99782097016011,-90.77028686,-230.3784626,29.87671112366983,-98.83966124,-232.636869,-1.878890154,8.069374380381518,2.258406406227948
49.070454459502386,-43.38541602,-208.6109504,53.439508162168835,-47.17665097,-209.5035018,-4.369053703,3.7912349561190624,0.8925513956139639
3.3461661334574577,-76.55146356,-219.1930669,4.047080039131712,-83.75193682,-220.6549785,-0.700913906,7.20047326037087,1.4619115423997187
79.55990762150147,-11.16042822,-214.1604346,86.92434252571778,-11.06224095,-215.1910933,-7.364434904,-0.098187272,1.0306586261222037
-31.32533073,-18.75525287,-228.3062689,-32.80789565,-20.27501495,-230.5431713,1.4825649184680358,1.519762073664861,2.2369024313278203
-92.37145155,33.34574973943506,-211.141264,-99.00108943,36.99609542613574,-210.0161095,6.629637886645895,-3.650345687,-1.125154467
44.88819122101405,59.2471143684376,-210.3679171,50.95749663880544,63.82214392852559,-210.051981,-6.069305418,-4.57502956,-0.315936088
-32.95769187,-4.643494335,-223.573915,-34.43170112,-4.876732284,-225.2723112,1.4740092419365283,0.23323794898950734,1.6983962157331973
-54.22158602,-20.13776292,-221.427755,-57.391254,-21.57493572,-222.8213913,3.169667986591861,1.4371727908776002,1.3936363408847114
86.49766632055385,-9.205960918,-209.8947764,94.46877471874441,-8.712130881,-210.4417593,-7.971108398,-0.493830037,0.5469828524839784
13.755105595511433,83.26177920384357,-216.2680212,16.784946641767494,88.74149969186684,-216.453477,-3.029841046,-5.479720488,0.18545586557004867
17.12875345960861,62.29666683475761,-209.8879816,20.443764281582943,66.82974953255233,-209.7025988,-3.315010822,-4.533082698,-0.185382705
32.43405044567702,-84.7971231,-216.4215586,34.75282646203276,-92.64897185,-217.7952657,-2.318776016,7.85184874786502,1.3737070481074625
-90.28002908,-7.810529529,-228.0777136,-96.15479999,-7.283423064,-229.1709301,5.87477090350184,-0.527106465,1.0932165135565413
-71.99869484,-9.567542624,-227.5091342,-76.56877029,-9.651175641,-229.0118292,4.570075451783609,0.08363301723486138,1.502695015509346
-3.036235131,68.46230639324253,-212.7135287,-1.743867947,73.25567128868232,-212.7836554,-1.292367183,-4.793364895,0.0701266367737503
46.65289249038556,-87.00239254,-213.6345104,49.74771765899378,-94.86873771,-214.9216392,-3.094825169,7.866345172499109,1.2871288252453326
41.38753822251443,-67.56074755,-220.2941034,44.62568527071245,-73.5280808,-222.3045459,-3.238147048,5.967333247383664,2.0104425004500968
-53.54026228,-6.11543506,-224.3227127,-56.7340318,-6.264969698,-225.8543488,3.19376951421458,0.14953463849430193,1.531636083380704
78.26541756030505,38.95616184254651,-227.2523953,86.5657472299851,42.814945907993405,-228.091903,-8.30032967,-3.858784065,0.8395077112184879
-75.42954425,-37.76898689,-231.2222435,-79.73263129,-40.26617278,-233.0859055,4.303087036182035,2.497185892958221,1.8636619992306578
-28.23970907,-10.43491673,-222.494654,-29.45483241,-11.29674291,-224.1970107,1.2151233452512997,0.8618261772119418,1.702356670617604
74.68638272648107,-43.59697876,-221.9537455,80.76065912971995,-46.32920761,-224.2704975,-6.074276403,2.7322288521559273,2.3167520675021933
40.02459915901501,-57.38179597,-214.2828273,43.38260285904565,-62.6505968,-215.729656,-3.3580037,5.268800824178726,1.4468287372154691
40.61161704652736,-89.6597642,-215.6287044,43.280065452917995,-97.83922749,-216.9573143,-2.668448406,8.179463292244094,1.3286098342935304
-13.80796884,83.44203661678955,-232.0844844,-13.91450928,88.68943974969238,-233.388268,0.10654043133593838,-5.247403133,1.30378368089913
72.82060645375846,68.5068079569824,-213.8687583,81.39640089579817,73.82900363979488,-213.2030622,-8.575794442,-5.322195683,-0.665696084
67.52514477174094,-53.07124955,-223.0925734,72.8229030688725,-56.91581453,-225.5377163,-5.297758297,3.8445649808755036,2.44514295119464
-13.39633961,-93.33770793,-212.8775896,-13.73351898,-102.4629906,-213.3459842,0.33717937381145013,9.125282698668627,0.46839462150524014
-12.40760182,-87.93854649,-215.194044,-12.69908807,-96.51868691,-215.9994772,0.2914862501031745,8.580140421316145,0.8054331910994961
53.7417121617395,56.45494768613985,-223.0890089,60.23583139745361,60.86889500606877,-223.9650966,-6.494119236,-4.41394732,0.876087742238667
75.33295888316484,-3.995892485,-218.8035799,82.49923838400545,-3.393892209,-220.1180547,-7.166279501,-0.602000276,1.314474719416495
10.963728266476675,13.502022481316889,-221.9986838,13.098071729181378,14.504952860582996,-223.7781751,-2.134343463,-1.002930379,1.7794913002213093
-71.98743158,17.6934760752753,-234.8089503,-76.82299242,19.805706728187317,-236.3461873,4.835560847848981,-2.112230653,1.5372370391501988
15.082551169356469,-77.96386682,-208.9228085,16.43997988693071,-85.5122063,-209.4615685,-1.357428718,7.548339477092384,0.5387600117774127
-56.43101117,-50.82079424,-233.5243575,-59.53631587,-54.96938541,-235.8080991,3.1053046922002068,4.148591172009034,2.2837416292454407
83.91851572913414,46.36879605358214,-222.5047257,92.76025686110032,50.694344884263884,-222.7645784,-8.841741132,-4.325548831,0.2598526938452892
11.42596997258888,0.9182395081658112,-211.0115512,13.4940145301387,0.7639449320115541,-211.5257269,-2.068044558,0.15429457615425712,0.514175698060285
82.29894810405935,-26.35559533,-215.9137047,89.40798531944682,-27.51363511,-217.4103714,-7.109037215,1.1580397838857408,1.4966667108813567
27.70078394100132,38.335135916708,-228.5765797,31.58268017143135,41.39943977164842,-230.5005105,-3.88189623,-3.064303855,1.923930799424653
-34.9210144,68.66038127218225,-231.846143,-37.06699294,73.43040838787036,-233.171061,2.1459785410875654,-4.770027116,1.3249180217158028
13.303270100178866,-21.05166263,-215.3048461,15.217179772501286,-23.01861227,-216.6612975,-1.913909672,1.9669496439486984,1.3564513419597404
49.18985947511526,-59.21656824,-217.1369978,53.1776620654649,-64.28207828,-218.9791195,-3.98780259,5.065510043813276,1.8421217145329365
-36.92865967,36.20280630149211,-229.7988624,-38.88628815,39.00098766401938,-231.3771438,1.9576284818148437,-2.798181363,1.5782813782624316
-9.077291064,-83.31019095,-228.1450214,-9.140564069,-90.92987591,-230.1320228,0.06327300491790666,7.619684966038207,1.9870014104778022
65.72463150199933,-27.06683609,-214.3969734,71.67337646835412,-28.74861092,-215.8085036,-5.948744966,1.6817748302913955,1.4115302393976208
-61.42672258,-72.81264253,-226.6997,-64.56553469,-79.27201357,-228.1012891,3.13881211386785,6.459371044768645,1.4015890575601873
2.5134837878427265,-60.24126462,-224.5665866,3.3182888533038613,-65.85305078,-226.7400916,-0.804805065,5.611786163375399,2.173504964114585
-66.85752846,69.0910383037408,-220.3920269,-71.89514496,74.14152637554801,-220.0057488,5.037616503469394,-5.050488072,-0.386278148
21.439948827244795,-4.235519876,-227.951865,24.26502376838119,-4.580534199,-230.4683662,-2.825074941,0.34501432322105696,2.516501235370754
24.39200649482617,36.71204357743251,-225.128696,27.987500385892574,39.628829586505645,-226.8227454,-3.595493891,-2.916786009,1.6940493762835445
75.5436485020099,-43.46860689,-224.8970887,81.62606958702762,-46.10783374,-227.4250825,-6.082421085,2.6392268525808404,2.5279938244310927
56.951418168048626,-31.17397367,-216.0906088,62.132004274329674,-33.47489856,-217.6991619,-5.180586106,2.3009248873100994,1.6085531289709536
15.082900302919256,-41.46375778,-214.8539315,16.898670707767224,-45.37178284,-216.2315903,-1.815770405,3.908025055440426,1.3776588767265139
-64.75526526,-40.13721847,-221.4553309,-68.5658856,-43.25816343,-222.8394185,3.810620336678312,3.1209449670897698,1.384087583824254
15.627958923748475,15.49882057543841,-233.4843076,18.09143573079773,16.771252219602406,-236.2200037,-2.463476807,-1.272431644,2.735696112813713
14.62772824752726,-44.22577415,-226.0207183,16.377238797910966,-48.27268096,-228.4765561,-1.74951055,4.046906810162156,2.455837879099249
1.736154538082523,87.71232543806049,-208.9938692,3.6551975840080635,93.37834045131629,-208.5088871,-1.919043046,-5.666015013,-0.484982089
-50.03452552,-34.27844385,-230.8917221,-52.85160947,-37.08836657,-233.119748,2.8170839566465133,2.809922727045155,2.2280258597938882
7.283034830185704,-93.90380939,-224.5328658,8.057311115449533,-102.6478516,-226.1278502,-0.774276285,8.744042240417457,1.5949843618618331
44.692176265399844,21.9548108449814,-228.2849665,49.901820029578985,24.088677857565337,-230.3119678,-5.209643764,-2.133867013,2.027001365372314
-38.66240548,-27.77361592,-219.610342,-40.6806688,-30.19816607,-221.0345115,2.018263326673477,2.424550143644236,1.4241695034071427
11.964687087690088,-83.7723813,-212.9731689,13.046495871852343,-91.99266909,-213.7715941,-1.081808784,8.220287792622145,0.7984252135506438
-70.82731549,-11.63671592,-232.3079236,-75.23583063,-11.85241895,-234.1766687,4.408515137166788,0.215703037581763,1.8687451282927725
32.23174366956114,-44.27197337,-232.6953834,35.25731439600705,-48.00068045,-235.7709853,-3.025570726,3.7287070753385336,3.0756019241385104
-1.37040866,-38.6039105,-218.9067953,-0.735107672,-42.35748301,-220.6188579,-0.635300988,3.7535725152210944,1.7120626163675752
-11.46992876,68.09309878022574,-213.7270322,-11.10223392,72.89007405581282,-213.8807765,-0.367694837,-4.796975276,0.1537442508090976
70.3855077397831,25.29949012451381,-207.8157091,78.01272232771072,28.136942208866486,-207.4449254,-7.627214588,-2.837452084,-0.370783784
-26.54432915,-66.07025724,-216.4144471,-27.67568489,-72.52266703,-217.5080934,1.1313557413171615,6.4524097935278775,1.0936462849625173
77.38232828231581,-46.14301516,-205.5488718,83.67607929412381,-49.38204243,-206.4263111,-6.293751012,3.2390272725976885,0.8774392833311992
9.946737356530393,67.05663799827745,-227.6447251,12.366017475817134,71.83102273117404,-229.0124879,-2.419280119,-4.774384733,1.3677627849302212
31.716185107324808,31.909912590367487,-216.2786448,36.06547644633907,34.55160618659435,-217.1549,-4.349291339,-2.641693596,0.8762552609949239
-32.51710681,-16.28798662,-227.4297139,-34.08123929,-17.58120891,-229.5682902,1.5641324875323264,1.2932222930228718,2.1385762365518133
-19.81347532,-77.44662233,-215.9974972,-20.5875906,-84.99166385,-216.9846489,0.77411527449404,7.545041520548963,0.9871517173933455
68.48369972991138,-70.87664067,-217.1292458,73.34387956236182,-76.53515694,-219.1304703,-4.860179832,5.6585162775422475,2.0012245270137043
12.729772410824255,-4.91108835,-218.352486,14.748575850396069,-5.549541239,-219.8796698,-2.01880344,0.6384528897154915,1.5271838471611545
-99.47542526,-7.637607885,-223.8537606,-106.012496,-6.862571384,-224.4344805,6.537070770513864,-0.775036501,0.5807198685683375
24.77264400326484,-56.07370006,-225.225292,27.08919135735976,-61.12645744,-227.6113965,-2.316547354,5.052757376012913,2.386104427436152
23.057954917078217,-12.30368975,-226.4225592,25.878675718555847,-13.29556996,-228.8471937,-2.820720801,0.9918802076502811,2.4246344281234826
13.000494472843243,62.55979856115871,-217.8931309,15.78978250952926,66.98168055737601,-218.493766,-2.789288037,-4.421881996,0.6006351575823885
-22.87289413,-77.09841518,-229.0245751,-23.83335654,-84.24535332,-231.111162,0.960462409509752,7.146938132252657,2.0865868363839013
17.089690559608446,39.035503204729615,-226.8179978,19.98382447859189,42.04606591873657,-228.6612947,-2.894133919,-3.010562714,1.8432968803160463
17.375545846833578,2.6768256350754958,-210.1384858,20.045987819460613,2.64766333985314,-210.565027,-2.670441973,0.029162295222355805,0.4265412298532567
4.082794955149023,-24.25244251,-224.6641536,5.2158332879835925,-26.54857857,-226.9515372,-1.133038333,2.2961360565728945,2.2873836127143363
6.5734311325215895,-72.82036791,-226.5874465,7.505720373563687,-79.63579197,-228.7948728,-0.932289241,6.815424063363508,2.2074263346750342
93.83460316605591,24.158205687148694,-212.8122617,102.97454996004151,27.395902035918482,-212.6870081,-9.139946794,-3.237696349,-0.125253567
-45.85239555,-33.23413882,-228.5627029,-48.45051101,-35.97819013,-230.6798949,2.598115457365182,2.744051310469608,2.1171919991494974
43.21533753361819,41.313162938192896,-226.5926695,48.61048463754888,44.77068165031157,-228.1178798,-5.395147104,-3.457518712,1.5252103712570033
-81.90353032,50.18160886094711,-207.6544439,-87.92673532,54.6917661532907,-206.1425974,6.023205001423065,-4.510157292,-1.51184643
-17.70935989,-92.02703778,-217.3220442,-18.2972274,-100.8864959,-218.1968074,0.587867505288834,8.859458124682789,0.8747632688661895
46.739661416290026,6.711685253916221,-217.4521039,51.89658204888865,7.5775577102860545,-218.6790643,-5.156920633,-0.865872456,1.2269604195669217
24.04131279264793,15.852399778218912,-206.01744,27.545420842864218,17.30870046586165,-205.9459517,-3.50410805,-1.456300688,-0.071488268
34.15201279425304,33.2736043863339,-220.6415601,38.68925469922385,36.05651472664729,-221.9082727,-4.537241905,-2.78291034,1.2667126678786644
38.489775205527266,-62.80871535,-224.039626,41.613575984785,-68.29242612,-226.3713815,-3.123800779,5.4837107733950035,2.3317554921558212
-29.7762174,80.55584955378843,-234.0795319,-31.44662464,85.63590717642452,-235.3180452,1.6704072390494922,-5.080057623,1.238513262669727
70.70437159017115,-57.12482255,-221.9910707,76.0940230265337,-61.27745805,-224.3806247,-5.389651436,4.152635504314375,2.3895539805629653
-2.387125803,-43.57341204,-233.1389794,-1.889305021,-47.5824854,-236.1050309,-0.497820782,4.009073359406088,2.966051525704728
-68.44496265,62.110870413649714,-230.4654073,-73.47379142,66.64023600552208,-230.7743663,5.028828770407912,-4.529365592,0.3089589562113133
-27.31365596,-18.26817689,-213.0618518,-28.47455046,-19.90924425,-213.9555517,1.1608945021269932,1.6410673628593422,0.8936999071112552
-14.15752188,49.06231923528034,-221.3680524,-14.14913589,52.66040507212318,-222.4572657,-0.008385984,-3.598085837,1.0892132977489837
66.5776959419081,69.87838387534023,-234.0131804,74.35628528591582,75.10887956708672,-234.7035307,-7.778589344,-5.230495692,0.6903502487696471
73.28366889656297,-10.84230654,-225.3979127,80.01487044693454,-10.83820996,-227.4097627,-6.73120155,-0.004096579,2.0118500536510737
-4.150252993,-42.73961931,-211.8318317,-3.820086828,-47.26924334,-212.5939156,-0.330166166,4.5296240375070695,0.7620838209432179
-38.23337679,27.137920312604912,-233.258724,-40.28672658,29.422454699916855,-235.2587809,2.0533497860403074,-2.284534387,2.0000569609212278
-16.5334667,27.565495618430912,-229.9985231,-16.75620722,29.78714968412745,-232.1155918,0.222740529384577,-2.221654066,2.1170686577945617
-64.81961977,13.74990976742426,-215.1729527,-69.17339634,15.338525551389047,-215.4417001,4.353776571857679,-1.588615784,0.26874740590582746
27.678014481536497,-78.28686998,-221.0800377,29.81801550482104,-85.47925753,-222.9020951,-2.140001023,7.1923875550691605,1.8220573973589467
9.196946379444341,23.009178307807527,-206.325658,11.455891603035411,24.984455401015445,-206.1167243,-2.258945224,-1.975277093,-0.208933674
6.690641238406182,73.67128749409922,-234.1382638,8.70789876404381,78.53030387003437,-235.7934344,-2.017257526,-4.859016376,1.6551705726213015
39.460854401242365,-85.91524967,-213.4190614,42.17683575560973,-93.83083503,-214.6001925,-2.715981354,7.915585359789773,1.181131111118276
30.553845674947734,-20.51420058,-222.4406844,33.837614598186484,-22.30834844,-224.5235959,-3.283768923,1.7941478613883177,2.0829115290034395
-29.59903483,-14.08121872,-228.4307352,-30.95434484,-15.19258309,-230.6724597,1.3553100080996785,1.1113643653656133,2.2417245622280007
19.568063309436322,-62.99195759,-234.8645103,21.391852479468348,-68.55829033,-237.8886276,-1.82378917,5.566332743587196,3.024117267436708
5.967065987002212,30.64150309689364,-213.179832,7.984209650777496,33.073441984802905,-213.7310172,-2.017143664,-2.431938888,0.5511851625206816
19.927744179125803,-62.42676059,-209.7274853,21.82899528574184,-68.41234,-210.528518,-1.901251107,5.985579410314976,0.8010326988449208
-36.12603051,-88.41565748,-230.0289121,-37.65017428,-96.34407895,-231.7296533,1.5241437646115088,7.928421461288494,1.7007412799952135
23.229811208093203,-1.399557765,-227.9307792,26.244223627734257,-1.477283351,-230.4137283,-3.01441242,0.07772558545834962,2.4829490382377912
-35.39048737,-76.09732497,-231.0258658,-37.0130304,-82.94538236,-233.0838972,1.622543032188645,6.848057392823264,2.058031357275013
-2.664216756,-98.18305506,-229.0668536,-2.455680369,-107.1565917,-230.7525885,-0.208536387,8.973536622670892,1.6857348390422544
-9.847753343,4.537903756254711,-206.1796514,-9.341889019,4.921060026394921,-206.0554393,-0.505864325,-0.38315627,-0.124212101
-65.04646368,-34.37602536,-223.5393515,-68.96047726,-36.92642815,-225.0721417,3.914013577090273,2.5504027976968686,1.5327902063744148
-47.73271979,-84.4315802,-230.9114853,-49.89476087,-91.76001099,-232.6736022,2.1620410806300896,7.328430786314186,1.7621169814017037
20.430139437083827,81.41457320216969,-215.1691754,24.18263605190203,86.84534360892923,-215.2228569,-3.752496615,-5.430770407,0.0536815817382319
-11.10550108,-52.45637347,-231.1471664,-11.24548893,-57.21569113,-233.8352721,0.1399878506837755,4.759317657115126,2.688105713093904
-11.6139701,-88.37952333,-207.1275528,-11.84123099,-97.13646519,-207.1160523,0.22726088945713663,8.756941852258763,-0.01150054
-88.76297712,-25.91151272,-229.666628,-94.16172694,-26.89243005,-231.1391948,5.39874982395709,0.9809173260698714,1.4725667534850686
53.017077926781496,-12.47886771,-232.9836266,58.209132202439946,-12.92377318,-235.8568405,-5.192054276,0.44490546498686534,2.873213972975492
34.89233717202338,30.373211475268537,-227.9133104,39.35535114763563,32.970009986669886,-229.8599003,-4.463013976,-2.596798511,1.9465898664917063
98.25916320763946,3.6007122514985173,-224.9221677,107.08509887621642,5.645353579191798,-226.1378535,-8.825935669,-2.044641328,1.215685797143152
78.73184326230631,46.916114028282045,-233.2990981,87.08030944941731,51.201460234298466,-234.2302611,-8.348466187,-4.285346206,0.9311629372950847
70.55745552215386,-41.97485052,-217.4953,76.39360519713975,-44.87862942,-219.3861688,-5.836149675,2.90377889877675,1.8908688322387945
-74.42175687,24.86324202788746,-227.5129294,-79.60897852,27.496198411243668,-228.3867138,5.18722165295442,-2.632956383,0.873784474708458
50.9990235802271,37.185697127640196,-206.3648152,57.21566038066905,40.42301473867883,-205.8091287,-6.2166368,-3.237317611,-0.555686482
-30.27901949,-94.65981051,-215.3050171,-31.54390743,-103.6881818,-215.8452943,1.2648879416760437,9.02837129703991,0.5402771587110067
61.653624494315416,31.16584339207956,-229.4826143,68.4389666705156,34.272799302469664,-231.1309086,-6.785342176,-3.10695591,1.6482942493364021
12.407336468878919,-20.37154379,-219.0322474,14.23194550550686,-22.43956166,-220.7360341,-1.824609037,2.0680178654313295,1.7037867094756223
5.995226162931712,-88.5191341,-205.8832605,6.709117448849264,-97.40736304,-205.8099017,-0.713891286,8.888228944569832,-0.073358796
7.063702046706085,-65.15960452,-214.9963551,8.037853121427307,-71.62417883,-216.1886788,-0.974151075,6.464574309909338,1.192323735711767
69.23184949147516,-59.14420875,-217.6988487,74.52410089945423,-63.62844435,-219.7549056,-5.292251408,4.484235601003107,2.056056907334238
35.000560938237214,-35.18928208,-210.3343519,38.479553578134585,-38.2593625,-211.3079707,-3.47899264,3.070080421466841,0.9736188321564896
34.47796278924224,-20.73307751,-222.7784159,38.070206279168076,-22.47558113,-224.8974842,-3.59224349,1.7425036251520467,2.1190683407670576
65.8447322919708,10.596715102527064,-206.4785876,72.80310823018183,12.189821501440846,-206.3339452,-6.958375938,-1.593106399,-0.144642404
-87.81098302,7.297145294970521,-224.3742548,-93.81747691,8.90028462375452,-225.0132953,6.006493885879408,-1.603139329,0.6390405268567463
42.84678439929183,30.610982944066176,-232.2640792,47.95887336401334,33.34238443671634,-234.4400237,-5.112088965,-2.731401493,2.1759444568159836
-61.713029,64.20225634209747,-219.4910115,-66.22588176,68.98528889879455,-219.2935006,4.512852760932837,-4.783032557,-0.197510845
25.56529817470321,-53.45912615,-218.2897483,27.961120793986495,-58.52446493,-220.0245803,-2.395822619,5.065338770770474,1.7348319425018701
29.49929531774537,24.430536147727928,-230.2312176,33.3615323774341,26.52755140617363,-232.5133386,-3.86223706,-2.097015258,2.2821209385448356
-59.13347885,-49.1858461,-222.561531,-62.51389069,-53.2963443,-224.0550384,3.3804118365702536,4.110498202134032,1.4935073502757916
22.10645474567701,70.22679721583836,-220.9962529,25.828214438253433,75.14661048392281,-221.762388,-3.721759693,-4.919813268,0.7661351255866578
18.988180853411887,-79.02741374,-219.3521679,20.523917630285688,-86.56342581,-220.8884331,-1.535736777,7.536012068245483,1.536265217482935
-40.61859795,15.44115309667384,-213.2417534,-42.84309952,16.880928133960474,-213.6196915,2.2245015742616516,-1.439775037,0.3779381033114362
-5.207199922,49.5993702120226,-228.1633184,-4.365326624,53.19284671676981,-229.8764415,-0.841873298,-3.593476505,1.713123076902491
-72.64557169,43.33570961434935,-208.4880151,-77.77996631,47.300047005798305,-207.4286059,5.134394622227745,-3.964337391,-1.059409216
-61.18877793,59.74625095872641,-232.1379451,-65.5278473,64.09642571506024,-232.8412894,4.339069370119297,-4.350174756,0.7033442613169996
-53.82000386,-24.71418768,-230.8100374,-57.01200937,-26.47479068,-232.9977603,3.192005507118786,1.760603004704329,2.1877229414081114
9.350107770622937,41.30424778333882,-223.0039077,11.6502554048323,44.420595023464756,-224.4124021,-2.300147634,-3.11634724,1.4084944699222035
-12.77613143,-20.91342402,-225.7734202,-12.93457946,-22.79266454,-227.999172,0.15844802368628308,1.879240520137639,2.2257517910512377
60.955732426435425,-39.37440905,-209.1809907,66.2813760467185,-42.44028157,-210.1994447,-5.32564362,3.06587252035861,1.0184540298088791
27.32971456374898,-59.47888384,-216.9003819,29.753549153132724,-65.12502308,-218.4874398,-2.423834589,5.646139241173806,1.587057932894112
2.038336462618491,9.006224825576297,-216.3156291,3.4197052853138867,9.832512288481695,-217.4323294,-1.381368823,-0.826287463,1.116700266441569
-44.49198074,26.74481765417606,-212.0946011,-47.13108672,29.107869942751535,-212.1669854,2.6391059802309726,-2.363052289,0.07238428858579482
58.35581066728274,80.14463872409722,-226.4406833,65.58741479159673,85.65857066108507,-226.8485603,-7.231604124,-5.513931937,0.4078769460900844
-72.81663692,59.83320436398759,-218.9966032,-78.31589866,64.47125263056307,-218.5104794,5.4992617370671155,-4.638048267,-0.48612381
9.371998681165111,-90.96746444,-217.5660956,10.29117563076284,-99.48236083,-218.659657,-0.91917695,8.514896387655838,1.0935614258061719
53.754072864303346,33.77145236171989,-228.8467092,59.929555335540286,36.900509703908526,-230.5364359,-6.175482471,-3.129057342,1.6897267490452919
33.19236383507934,85.97615108805786,-225.1857074,38.04243869921142,91.54454155599853,-226.0215612,-4.850074864,-5.568390468,0.835853853264581
65.04695561698254,-19.81404112,-233.3686135,70.89985758406274,-20.51456638,-236.239058,-5.852901967,0.7005252623765017,2.8704445465750155
42.46778215217894,20.46289260172579,-212.2700668,47.55678393936765,22.33433165120549,-212.7449371,-5.089001787,-1.871439049,0.474870283638694
-94.62865723,15.9062525653577,-218.4260708,-101.0980661,18.42555082315925,-218.2463525,6.469408878709203,-2.519298258,-0.179718353
-84.87718979,42.87844661432494,-224.6301181,-91.14189178,46.84554679310301,-224.559278,6.264701994439463,-3.967100179,-0.070840125
-9.466240202,44.257844548305016,-211.8323128,-8.742832729,47.701312265555345,-212.0370468,-0.723407473,-3.443467717,0.2047340424635138
76.53027182976665,54.77164996009119,-217.4815185,84.93043959459189,59.33787084303394,-217.2556242,-8.400167765,-4.566220883,-0.22589425
-33.91973343,63.325965401329235,-228.8703682,-35.94903832,67.84401225407449,-230.1261886,2.0293048897098203,-4.518046853,1.2558204481330506
43.52793447297771,-33.74888025,-222.9052878,47.64984019839683,-36.40416118,-225.1798535,-4.121905725,2.6552809324012827,2.274565733755935
13.308939786534506,85.61349660066941,-217.7427662,16.288710299692546,91.18575632389741,-218.0243202,-2.979770513,-5.572259723,0.28155400086629356
62.00692752806454,-27.53733611,-210.4345977,67.7123490136486,-29.41640996,-211.4430175,-5.705421486,1.8790738524961377,1.0084197433992301
92.28298628800243,0.5859878316548969,-221.1313477,100.72274900422752,2.15340071023057,-222.2968597,-8.439762716,-1.567412879,1.1655120803086447
-4.759177675,-14.42093878,-224.3434139,-4.325252989,-15.85232507,-226.531768,-0.433924685,1.4313862837765807,2.1883540694651913
70.16584943377084,-26.60498793,-230.722815,76.25906703160419,-27.78599515,-233.4760407,-6.093217598,1.1810072180927769,2.753225730213728
30.88002087820609,32.225697633576765,-208.1340085,35.20097498395124,34.91250824322775,-208.0697596,-4.320954106,-2.68681061,-0.064248947
-33.01743945,24.36728409267533,-216.8544896,-34.56602018,26.501131600878004,-217.5923563,1.5485807328348002,-2.133847508,0.737866705166482
75.06384054635384,-37.39097246,-216.4241277,81.35750897356706,-39.72200841,-218.1817058,-6.293668427,2.3310359413326935,1.7575780471312044
35.76071009803217,53.681104766268234,-233.3393849,40.51140852309071,57.774357054509125,-235.1977212,-4.750698425,-4.093252288,1.8583362867525466
-44.73939003,38.248748259751245,-209.5164352,-47.45873382,41.45718661349663,-209.1590148,2.7193437918018617,-3.208438354,-0.357420413
83.13744900311718,47.130207541281585,-226.2427684,91.84967370203515,51.46112537919403,-226.754946,-8.712224699,-4.330917838,0.5121775865096083
40.465989610381975,-77.71117673,-229.0682691,43.35915664996317,-84.45809718,-231.6346766,-2.89316704,6.746920446159521,2.5664075078640565
-44.28260574,-77.75525261,-231.7689773,-46.36497802,-84.54018356,-233.7562164,2.0823722807975216,6.784930953577373,1.987239057812559
45.23461884437554,-49.1547154,-215.7079799,49.13511598464952,-53.48349543,-217.3360495,-3.90049714,4.328780032201884,1.6280696198117255
