orig_x,orig_y,orig_z,comp_x,comp_y,comp_z
-2.4554,34.2427,-236.2179,-2.5184,37.0428,-239.0522
-1.6526,-56.4353,-223.5176,-2.0123,-61.9419,-225.6315
-9.8083,-4.1035,-203.1284,-10.1266,-4.664,-202.6385
42.6541,44.2935,-199.3133,47.3567,48.2098,-197.9619
-80.0911,-48.6248,-234.5376,-85.5453,-52.1581,-236.5312
-7.9846,83.7322,-201.051,-8.4335,89.4117,-199.7752
15.6755,-51.3306,-226.278,16.6236,-56.0886,-228.8599
-60.0382,17.427,-196.8148,-64.7557,18.9268,-194.8244
17.3301,-58.5965,-221.0797,18.3204,-64.1699,-223.1379
54.7564,-17.5434,-226.0031,59.3758,-18.2704,-228.5666
35.6214,56.4249,-213.6531,39.7594,61.0854,-213.9667
31.1028,42.3226,-223.52,34.5329,45.9878,-225.0974
-28.3627,74.8002,-200.3747,-30.9666,79.9899,-198.7775
92.8894,2.5725,-239.5958,100.1996,4.881,-241.9377
-18.4157,36.9086,-235.7778,-19.9477,39.7962,-238.4077
-31.1492,82.6947,-221.9517,-34.4098,88.0224,-222.3257
55.0876,58.006,-204.8332,61.0969,62.9361,-203.8907
-62.6491,-33.356,-202.3507,-67.2266,-36.6355,-201.5981
51.4428,28.4516,-227.8299,56.4652,31.3675,-229.7678
16.8535,-88.5034,-196.8898,17.4592,-97.2634,-195.9475
64.9166,67.6991,-211.8973,71.8266,73.206,-211.3711
48.8406,-44.2117,-214.8811,52.6136,-47.8683,-216.6435
83.9722,22.9124,-204.4289,91.799,26.2429,-203.764
-78.7566,31.5423,-190.4286,-84.9401,34.1869,-187.467
-16.9896,-53.3033,-198.2669,-18.2516,-59.0915,-197.1235
-32.9191,66.6848,-202.3759,-35.9283,71.5024,-200.9959
72.5497,3.091,-215.5811,79.1493,4.6608,-216.667
64.6551,2.8826,-193.7286,70.6083,3.7282,-192.2524
10.5693,53.3243,-199.9744,12.1335,57.6665,-198.6741
-58.0654,-70.5405,-230.9922,-61.7877,-76.703,-232.932
16.0049,67.0465,-218.2201,18.0708,72.1079,-219.0108
-4.9919,-32.4494,-201.0395,-5.3003,-36.173,-200.2915
-20.3047,-84.7114,-228.7708,-21.7774,-92.5869,-230.642
5.339,88.3936,-204.2546,6.3761,94.3224,-203.4168
-77.4369,-5.4372,-222.0471,-83.542,-5.2632,-222.9036
-55.1368,59.5506,-218.4796,-60.3638,63.933,-218.333
-3.7823,-81.0754,-210.1437,-4.3089,-89.2785,-210.5346
-0.2375,92.04,-191.4525,0.2515,97.9697,-189.1796
34.6249,45.7554,-191.1772,38.4803,49.5688,-188.8003
-30.9657,-58.9643,-204.3634,-33.1678,-65.2312,-203.974
-54.2987,55.2774,-215.4841,-59.3545,59.4821,-215.1941
0.6326,-18.8163,-198.5279,0.8503,-21.2792,-197.3626
38.3688,69.1706,-212.909,42.8808,74.4966,-212.924
-49.0073,40.6528,-227.372,-53.3762,43.8871,-228.5826
77.907,44.821,-235.5953,85.015,49.2105,-236.9653
-36.4057,-70.0778,-234.8934,-38.9197,-76.3315,-237.3377
-14.5245,-36.1717,-220.4769,-15.7387,-39.8408,-222.2776
-8.6428,-88.9127,-197.5645,-9.4297,-97.9584,-196.3932
33.1439,-69.2438,-207.8826,35.1672,-75.892,-208.6211
50.8207,-23.4459,-190.9081,55.1805,-25.5843,-189.3485
84.9677,29.2642,-233.5165,92.4099,33.0357,-234.9966
15.4003,43.6035,-233.5434,17.1388,47.0908,-236.0163
50.3726,-24.3224,-198.178,54.7702,-26.4272,-197.5919
5.1205,-25.9818,-234.2633,5.4672,-28.4761,-237.4568
41.273,-76.4311,-220.4854,43.6417,-83.0862,-222.5634
-22.4682,-19.1437,-213.9122,-24.1607,-21.0934,-214.7845
58.2151,45.6942,-208.6558,64.3585,49.9882,-208.3017
35.0227,-9.2704,-227.1583,38.1757,-9.7905,-229.8472
-39.0647,71.5645,-203.0021,-42.7581,76.5712,-201.5429
64.4333,-32.276,-209.138,69.7645,-34.4034,-210.2557
-15.7314,-55.8289,-197.9018,-16.9097,-61.8718,-196.7256
40.0442,-71.8014,-215.6711,42.4704,-78.2651,-217.3405
-61.6396,-48.6717,-211.8076,-66.0008,-53.3456,-212.2849
33.9244,-33.5048,-232.1352,36.5778,-36.1359,-235.2999
-49.9945,21.9161,-191.2854,-53.9078,23.6221,-188.6714
90.2544,-23.0439,-195.5552,97.4876,-23.4847,-195.0437
-29.1915,42.9972,-234.1915,-31.7465,46.2306,-236.4117
0.025,42.1776,-236.2614,0.2178,45.4639,-238.9662
43.0052,-63.2203,-203.0283,45.8879,-69.1588,-203.3419
-62.9138,21.7865,-206.4607,-68.0648,23.8631,-205.5985
26.0805,-26.1512,-211.3698,28.374,-28.7548,-212.4518
6.1852,42.5192,-226.9786,7.0689,46.0463,-228.9598
13.5511,-82.1949,-193.2842,14.0185,-90.4675,-191.8982
36.0438,-26.8735,-194.6275,39.1563,-29.6483,-193.3442
54.9681,-51.7684,-228.4573,58.8128,-55.4453,-231.3975
-59.6482,22.2457,-227.1982,-64.6927,24.3459,-228.4606
-42.4443,-52.3433,-231.8858,-45.6035,-57.0143,-234.3245
16.1078,-47.5425,-228.7648,17.1369,-51.8762,-231.5819
-23.3015,-19.8113,-192.0099,-24.9044,-22.1982,-189.8516
-53.1621,-71.5207,-224.2993,-56.5989,-78.1434,-225.7933
42.6774,60.5284,-216.8099,47.4903,65.4415,-217.2655
-63.0167,-53.9351,-191.4511,-67.1536,-59.5423,-189.4652
-54.0755,-56.7844,-207.8004,-57.7965,-62.5386,-207.8111
-58.8494,-8.8983,-228.1406,-63.5596,-9.3209,-230.0065
-27.0954,-56.8965,-225.9822,-29.1932,-62.356,-228.0539
19.8954,11.754,-231.5303,21.9024,13.0073,-234.3752
-19.91,11.9491,-193.7337,-21.2704,12.9588,-191.8049
-47.5058,-22.082,-197.7155,-51.0656,-24.4246,-196.2192
55.6978,-8.1288,-193.7925,60.7771,-8.5897,-192.4221
-71.4882,22.9003,-208.9692,-77.407,25.1987,-208.2061
8.2879,29.3822,-201.1682,9.5593,32.1077,-200.2177
-33.7315,1.3062,-234.7108,-36.4687,1.6379,-237.4878
35.8498,65.443,-191.8664,39.9953,70.4692,-189.5068
92.2534,-23.7822,-203.4477,99.7088,-24.0114,-203.8214
7.0505,52.2994,-201.2401,8.2404,56.5786,-200.1146
54.6436,66.8371,-211.7986,60.6805,72.1974,-211.4673
11.7235,51.9887,-190.5809,13.3336,56.1183,-188.0481
50.8812,-37.3897,-231.9618,54.7207,-39.8446,-235.1071
66.461,-26.7747,-202.977,72.0942,-28.4522,-203.2727
78.2484,28.5389,-195.3525,85.5881,31.9279,-193.6168
-5.3205,-12.7871,-206.3832,-5.4839,-14.4298,-206.3546
-19.2302,-94.2144,-214.2292,-20.5886,-103.4282,-214.7201
-15.7497,48.4622,-197.6919,-16.9286,52.346,-195.9488
0.9991,-42.6091,-230.235,0.9044,-46.6398,-233.0828
61.4528,-49.0057,-227.3313,65.8443,-52.2358,-230.1892
56.7967,60.2425,-209.0123,62.9778,65.3206,-208.4689
50.4081,83.5984,-224.6901,55.9131,89.4309,-225.1978
-59.0832,8.6026,-195.9248,-63.6425,9.3137,-193.917
-61.4698,56.3846,-190.8982,-66.674,60.4529,-187.9196
71.0224,25.1721,-215.8344,77.857,28.4107,-216.4417
-75.7148,57.3693,-208.96,-82.514,61.7394,-207.4247
47.4207,51.1603,-228.1058,52.357,55.4571,-229.5988
11.8019,38.8273,-200.6865,13.4619,42.2375,-199.5767
-34.3863,5.1067,-235.6988,-37.1737,5.7468,-238.5143
-61.7295,-36.4429,-198.8934,-66.1679,-40.1339,-197.6983
1.7192,69.5226,-219.6825,2.1829,74.605,-220.5865
16.4497,-0.3577,-224.4796,18.0334,-0.2319,-226.8679
34.5524,89.7639,-190.8324,38.7928,95.7781,-188.4177
-38.3058,38.0316,-227.094,-41.6546,41.0975,-228.6367
2.2794,-4.5026,-235.101,2.3174,-4.9671,-238.1941
-26.1431,-19.2916,-206.2197,-28.0643,-21.3533,-206.0119
38.8193,85.3522,-230.2806,43.0328,91.0812,-231.3536
-91.118,1.3323,-217.5892,-98.2295,2.3532,-217.594
60.9967,-36.1205,-237.4124,65.4921,-37.9731,-240.7987
-66.136,-49.4543,-197.9346,-70.6371,-54.4645,-196.7122
-19.2463,-16.728,-200.9733,-20.5353,-18.678,-200.0409
18.5971,93.8914,-236.2005,20.473,99.6862,-237.6855
-8.3728,-95.7937,-231.9014,-9.1884,-104.3837,-233.883
22.0451,-20.6979,-226.1974,23.9639,-22.5838,-228.858
-27.7679,41.1961,-196.2379,-30.037,44.5114,-194.2394
-33.005,-56.3044,-215.828,-35.4429,-62.0098,-216.854
-25.9056,-25.2509,-212.7753,-27.8997,-27.8473,-213.5111
-59.3692,12.482,-192.5595,-63.9333,13.4555,-190.1224
69.5282,-8.2037,-233.5093,75.2438,-7.5549,-236.2536
-55.5022,-69.0596,-203.6114,-59.0603,-76.1082,-203.072
53.4017,-50.9879,-209.7348,57.3972,-55.2896,-210.9989
-57.4178,47.6388,-195.2014,-62.2678,51.279,-192.7514
-24.1483,-58.508,-192.8762,-25.8288,-64.8296,-191.0309
5.4511,22.8364,-225.666,6.1777,25.0676,-227.8232
39.9816,36.7433,-194.5437,44.3094,40.0187,-192.6435
18.982,-53.2242,-222.2312,20.1711,-58.2339,-224.4623
-34.3954,42.5971,-219.2182,-37.4164,46.0639,-220.0268
-92.7992,27.9562,-225.4239,-100.4319,30.8534,-225.2069
-78.13,61.7457,-229.898,-85.2307,66.0988,-229.6018
-17.0969,17.7826,-205.5236,-18.3153,19.5519,-205.1288
42.8066,63.9575,-208.0652,47.7552,69.0838,-207.5727
36.1137,86.2888,-230.6107,40.0382,92.03,-231.7344
-81.2466,-50.489,-191.8587,-86.5044,-55.3768,-190.0369
-33.2623,-90.4733,-199.8575,-35.3108,-99.6591,-198.7922
-21.8364,-18.7226,-217.4477,-23.5183,-20.5744,-218.7613
62.9791,-71.5639,-203.6773,67.0588,-77.583,-204.4184
20.0713,95.6132,-197.6171,22.8405,101.8089,-195.9967
-16.0162,0.2857,-192.9053,-16.8636,0.0529,-191.0459
27.287,66.3882,-223.2234,30.4664,71.4023,-224.3556
-77.6402,-7.5795,-201.7178,-83.5309,-7.9368,-200.5391
59.7367,-0.6274,-202.5743,65.3623,-0.0456,-202.3078
86.646,39.0553,-200.7663,94.8064,43.4291,-199.3526
-82.5546,17.8417,-223.5531,-89.3538,19.9588,-223.8517
-56.3229,25.8464,-209.2319,-60.9998,28.2133,-208.7586
61.1771,-8.8652,-206.2279,66.7798,-8.9389,-206.5986
79.1941,-47.7989,-193.7855,84.9772,-51.1151,-193.4588
40.8049,-58.1526,-222.9783,43.5317,-63.0734,-225.4318
-38.1552,6.1382,-222.7921,-41.2242,6.9134,-224.3508
-63.9926,-2.6748,-239.5217,-69.0805,-2.5226,-242.003
0.0437,79.791,-191.5502,0.5475,85.2966,-189.2221
-44.3281,20.4112,-192.6266,-47.8128,22.0369,-190.1937
71.812,45.6871,-218.1471,78.9426,50.2245,-218.4519
-86.824,43.6344,-231.0754,-94.2624,47.2251,-230.9784
-62.3299,57.0593,-194.5488,-67.7167,61.2367,-191.8811
-40.1606,-86.6901,-238.0473,-42.6053,-94.1748,-240.2976
-8.0664,-31.0722,-207.5227,-8.6231,-34.5456,-207.7206
85.4982,51.4938,-195.9102,93.6139,56.4389,-193.8151
51.0501,-73.9973,-192.0417,54.0751,-80.7845,-191.1736
-0.6811,32.1013,-234.5519,-0.5737,34.8086,-237.3044
80.3192,-18.6513,-201.7397,87.1258,-19.0003,-201.7885
-91.1029,-31.2927,-208.6954,-97.5579,-33.4887,-208.5377
-54.2576,-52.2668,-207.545,-58.0643,-57.559,-207.5333
-37.207,10.444,-201.518,-40.0837,11.4117,-200.3754
-56.7443,44.3675,-202.8421,-61.6454,47.9335,-201.3241
60.064,20.9285,-195.8025,65.9398,23.2864,-194.2699
-2.4947,53.3802,-220.8745,-2.4488,57.6111,-222.0998
34.4602,4.2544,-200.0477,37.9576,4.7687,-199.2547
-13.1711,-12.0923,-228.6222,-14.2083,-13.1753,-231.147
-86.7689,-24.915,-209.2317,-93.101,-26.5772,-209.0881
-84.2423,23.7957,-196.7727,-90.9084,26.1314,-194.4473
-11.5347,-45.429,-232.7348,-12.6088,-49.6541,-235.6527
73.4832,-0.4483,-239.7971,79.4487,0.919,-242.6654
-2.2376,70.5064,-198.7608,-2.0084,75.6797,-197.2444
-12.8651,5.1458,-238.0042,-13.9461,5.987,-241.1889
-0.6488,71.0711,-231.9438,-0.6063,75.982,-233.733
-77.3694,-7.8964,-206.2128,-83.3056,-8.1826,-205.583
-10.3818,-96.0925,-192.6325,-11.2638,-105.6902,-190.905
71.3234,4.3261,-203.6619,77.949,5.7572,-203.4229
22.562,-45.9524,-198.0648,24.2186,-50.7688,-197.2764
92.5781,-14.3027,-215.6206,100.2073,-13.3971,-216.8689
-21.9664,75.81,-210.8847,-24.0509,81.0825,-210.6074
17.3737,67.8253,-226.0938,19.4484,72.808,-227.5177
-28.3873,-7.1854,-229.1326,-30.6871,-7.6354,-231.542
-18.049,-2.1796,-201.3994,-19.1281,-2.4707,-200.5662
-29.2117,84.5483,-212.4352,-32.197,90.0663,-212.0533
-37.0637,59.9896,-193.6471,-40.2644,64.3438,-191.1952
-63.5174,-52.6206,-200.5371,-67.8317,-57.959,-199.6463
-27.787,-46.9336,-234.2604,-30.0352,-51.1632,-237.1137
88.0201,38.5531,-236.5245,95.7075,42.8628,-237.8306
-16.6467,75.5872,-226.6343,-18.3152,80.6837,-227.7963
54.7478,-80.3308,-211.7995,58.0082,-87.2068,-213.2161
-83.7893,14.6832,-191.6485,-90.1584,16.1759,-188.9747
13.23,89.54,-235.0544,14.5821,95.1893,-236.6078
-55.198,58.5123,-238.0967,-60.3268,62.4643,-239.3564
34.2321,-38.1932,-216.4933,36.956,-41.6498,-218.3054
3.8029,-77.2057,-229.1801,3.6779,-84.3148,-231.5157
-65.495,-35.5833,-233.0673,-70.3738,-38.2736,-235.3085
-59.0596,-48.5551,-236.444,-63.3055,-52.4683,-238.9787
-78.3679,-28.2575,-213.1461,-84.1505,-30.3966,-213.5365
14.1665,33.4059,-228.2008,15.8122,36.3366,-230.4467
-33.4473,23.8583,-212.2354,-36.1489,26.0758,-212.4802
68.0623,44.7543,-238.2225,74.36,48.8545,-240.0295
24.8091,-81.7573,-239.6573,25.9207,-88.4161,-242.8366
13.7259,-21.4061,-229.4934,14.8847,-23.4667,-232.3784
41.128,88.6495,-206.4219,46.0757,94.7436,-205.541
-64.0553,-37.382,-220.3879,-68.8125,-40.5912,-221.6902
-49.0279,57.5961,-225.0822,-53.6819,61.79,-225.7034
39.7412,-12.9258,-226.464,43.2415,-13.6786,-229.109
23.5478,-2.437,-209.7243,25.8991,-2.5842,-210.46
45.9467,-78.2022,-199.179,48.6189,-85.4656,-199.0544
-35.7618,-82.2473,-239.5619,-38.0454,-89.3368,-242.0538
82.6257,-42.8533,-237.1102,88.3707,-44.3874,-240.3281
50.0888,-22.8964,-237.1747,54.0869,-24.0631,-240.5375
31.6183,-69.1168,-226.5284,33.4193,-75.135,-229.0939
21.1288,-66.2656,-190.7025,22.2734,-73.0145,-189.1116
-75.711,47.5116,-239.9799,-82.3144,50.9936,-240.7922
-53.7885,-57.8553,-195.5275,-57.3637,-63.9434,-193.9749
-82.0839,-4.7199,-225.417,-88.5184,-4.3759,-226.3785
6.5728,-3.8499,-231.2933,7.0704,-4.1591,-234.1493
-20.2315,13.1036,-205.6609,-21.6789,14.4564,-205.2831
-45.2483,51.3272,-224.8832,-49.4457,55.2056,-225.7595
-39.1995,48.5143,-235.59,-42.7457,52.0059,-237.533
21.9789,2.2123,-234.1714,24.0631,2.6133,-237.2894
-7.967,-1.2303,-218.007,-8.2571,-1.1433,-219.3833
-73.4257,53.5055,-191.2678,-79.5432,57.474,-188.2004
63.4956,11.3518,-222.8314,69.3642,13.3347,-224.5269
16.05,45.7051,-231.5389,17.885,49.3664,-233.8186
-71.7348,-60.1056,-223.2485,-76.4697,-65.3085,-224.6272
-6.0466,-79.8652,-194.5098,-6.669,-88.1319,-193.0286
-25.3349,-41.3784,-223.5295,-27.3965,-45.4077,-225.5277
19.6849,-56.4874,-196.7308,20.9314,-62.3508,-195.7892
-12.2496,-64.7866,-232.6256,-13.3511,-70.7575,-235.274
62.1496,-64.6376,-230.7941,66.1226,-69.0874,-233.8501
-48.4915,-19.9434,-219.1908,-52.3276,-21.6509,-220.4781
8.5168,87.3564,-209.0689,9.858,93.2596,-208.7645
28.5951,-31.9664,-204.0762,31.0281,-35.2413,-204.1592
7.7835,17.354,-213.005,8.82,19.2278,-213.8622
-8.1049,-28.7226,-210.3128,-8.6665,-31.9125,-210.8999
-38.2012,-33.317,-190.5953,-40.9358,-36.9983,-188.303
-22.4898,64.6971,-236.7862,-24.6472,69.0532,-238.7771
78.9978,13.0799,-227.2764,85.952,15.6864,-228.9461
-68.5606,29.8321,-238.2779,-74.3747,32.3134,-239.8271
21.776,-10.6456,-211.1702,23.8685,-11.7148,-212.1473
-47.9064,86.2678,-211.9673,-52.809,91.7237,-211.0244
9.5596,46.7106,-217.8993,10.9053,50.6428,-218.9467
61.8297,-29.055,-226.5864,66.7394,-30.5285,-229.2666
-19.6871,-20.7865,-206.5567,-21.0791,-23.0798,-206.4568
-41.9973,-2.2656,-200.539,-45.2076,-2.5377,-199.3066
-24.824,-63.4419,-194.731,-26.543,-70.2496,-193.1146
31.8611,22.6498,-197.1411,35.3644,24.8068,-195.7116
37.8568,7.2969,-237.9373,41.3066,8.2626,-241.1598
-29.8881,-81.9246,-237.3769,-31.8738,-89.1349,-239.8049
2.1434,-45.3773,-212.629,2.2126,-50.1262,-213.6549
-40.9249,-3.7246,-202.3233,-44.0517,-4.1118,-201.3612
14.1753,33.788,-232.5916,15.7729,36.6645,-235.1853
45.145,86.1024,-216.7163,50.3341,92.0819,-216.7199
-15.8306,-64.116,-206.2144,-17.0537,-70.8891,-206.1514
26.7782,44.8554,-222.8446,29.8149,48.6684,-224.3513
-80.1793,8.0491,-239.6074,-86.5609,9.2397,-241.2888
-55.052,58.2744,-239.4,-60.1463,62.1803,-240.7544
85.8464,41.7684,-199.7391,93.9654,46.2629,-198.177
-2.8932,89.102,-228.5777,-3.2105,94.748,-229.739
78.5758,-16.8416,-199.1958,85.2755,-17.1601,-198.8909
-32.9068,-25.3802,-221.8464,-35.5618,-27.7525,-223.5979
74.3062,-66.5132,-234.5959,78.9545,-70.4742,-237.83
22.4576,62.045,-215.1672,25.2548,66.9212,-215.6876
-47.3533,-67.6122,-210.2999,-50.4994,-74.465,-210.5537
74.2436,19.9185,-195.8046,81.197,22.5637,-194.2864
-57.2739,-60.2147,-207.4911,-61.1246,-66.274,-207.4535
49.2174,-8.6358,-207.9223,53.8203,-9.0104,-208.5035
-39.7506,61.2273,-218.4443,-43.5585,65.7077,-218.724
60.6774,-29.5671,-192.2395,65.6741,-31.9492,-191.1167
57.4912,12.9133,-196.7182,63.072,14.5457,-195.4211
-86.4579,-30.489,-221.0892,-92.7165,-32.4604,-222.0299
-3.5824,-61.732,-225.6613,-4.106,-67.6644,-227.8836
-45.4612,23.2886,-231.3416,-49.272,25.3176,-233.3472
64.7497,2.43,-204.5522,70.8354,3.493,-204.4864
13.0835,-3.2298,-196.3329,14.3901,-3.7794,-194.9451
-31.2721,-46.127,-214.607,-33.6652,-50.8367,-215.5643
37.6311,-32.6688,-220.0141,40.7052,-35.4234,-222.1975
57.0463,41.0851,-220.6312,62.8761,45.0442,-221.5662
91.3224,-36.9114,-232.6761,97.8612,-37.6692,-235.5021
-60.8561,73.5163,-235.3367,-66.7263,78.1622,-235.7627
72.2061,-4.7463,-210.2154,78.7179,-3.9566,-210.9362
22.5731,-40.2686,-196.4582,24.3211,-44.5628,-195.3884
-4.0881,97.6336,-201.7389,-4.1624,103.7689,-200.5339
95.0801,-18.7067,-226.0374,102.4973,-17.8969,-228.0921
32.6177,52.2251,-218.7658,36.3515,56.5797,-219.6972
-25.4551,34.5798,-190.0787,-27.5101,37.3414,-187.3805
63.175,-46.4121,-225.3232,67.7913,-49.4115,-228.0321
-66.2703,12.1888,-195.3276,-71.4001,13.271,-193.1752
-30.0778,24.3065,-223.8806,-32.5613,26.5321,-225.4782
-81.4807,24.0605,-201.5338,-88.0638,26.4736,-199.7439
-20.2247,74.9678,-227.2252,-22.2701,80.0026,-228.3785
-16.1099,-72.9749,-220.5862,-17.4012,-80.1727,-222.0347
-11.7012,-1.0248,-215.4926,-12.3118,-0.9359,-216.5432
-13.3405,-42.1489,-206.6901,-14.3635,-46.717,-206.7528
-43.7665,-67.0438,-207.1991,-46.6931,-73.9656,-207.1012
-65.2941,32.1678,-229.0354,-70.954,34.9535,-230.0057
6.7774,39.856,-192.9229,7.8791,43.201,-190.6857
90.8765,3.1308,-202.5578,98.8398,5.1682,-202.132
54.6792,62.8424,-204.0235,60.6993,68.0084,-202.9306
33.6034,27.2485,-220.4881,37.1766,29.9022,-222.0585
6.6628,-29.2557,-232.7396,7.129,-32.0461,-235.8416
55.7991,-20.8567,-225.551,60.4462,-21.8477,-228.1093
-13.3402,64.7583,-238.1567,-14.5843,69.1415,-240.3774
-6.278,-34.356,-237.3084,-6.9327,-37.5107,-240.6497
-32.0353,-3.3577,-226.7247,-34.6135,-3.4393,-228.8355
51.346,-11.6316,-225.2548,55.8145,-11.9573,-227.7173
26.1373,59.0701,-231.0269,29.023,63.5575,-232.9053
89.6689,26.3265,-219.8748,97.7763,30.1822,-220.4081
-61.9347,-10.4021,-217.3704,-66.8235,-11.0195,-218.2099
85.2242,44.3222,-200.9817,93.3519,48.9631,-199.5038
18.7519,-95.3263,-238.0141,19.3588,-103.276,-240.7511
-21.9165,-28.7504,-209.0275,-23.5611,-31.8321,-209.3063
42.4613,-60.6992,-205.3785,45.3752,-66.3712,-205.9814
71.4076,-64.6189,-194.0183,76.1396,-69.8329,-193.7658
-7.1923,60.8433,-228.2945,-7.7363,65.3064,-230.0004
39.4049,-42.1197,-198.6425,42.5085,-46.2278,-198.1722
-89.0219,7.0867,-198.7483,-95.8434,8.2566,-196.8656
92.725,35.7978,-199.0577,101.2067,40.1022,-197.4915
-6.2608,-41.9509,-221.4559,-6.869,-46.1781,-223.4302
-41.4772,90.8131,-229.4951,-45.8796,96.1863,-229.8674
28.0465,-52.4643,-236.4708,29.8684,-56.721,-239.8546
-25.9605,-70.5401,-217.9549,-27.8396,-77.5963,-219.097
-79.7727,-48.132,-207.9563,-85.2001,-52.4378,-207.9509
-43.6476,65.1065,-202.9462,-47.6914,69.8061,-201.4489
-54.4556,-23.6344,-228.6415,-58.7494,-25.475,-230.7508
-21.9288,-64.7785,-233.3791,-23.6403,-70.7104,-235.9774
-74.5025,49.3022,-205.5705,-81.0232,53.2671,-203.8939
-44.2161,44.0462,-202.9864,-48.0013,47.577,-201.7024
-52.257,57.5335,-232.062,-57.1746,61.5834,-233.0701
28.0355,80.5567,-218.633,31.4083,86.2417,-219.1522
35.8777,-20.2905,-194.9894,39.0954,-22.4087,-193.6714
81.6904,18.093,-194.0441,89.1033,20.7822,-192.3649
-12.0875,-32.4379,-208.8845,-12.9764,-35.9957,-209.2457
-54.2676,-38.7129,-223.0482,-58.3763,-42.1571,-224.708
-10.8743,61.6946,-217.4507,-11.7164,66.3594,-218.1684
12.229,-64.9785,-239.4325,12.7456,-70.4838,-242.7726
-49.6236,-48.4934,-227.0149,-53.2953,-52.8625,-229.0248
5.8381,-60.3826,-219.813,5.9923,-66.3208,-221.5995
-45.6702,-42.9677,-194.3653,-48.9042,-47.5849,-192.5778
22.8683,-33.0847,-207.458,24.7918,-36.5142,-207.9857
82.8938,30.6412,-227.6359,90.3957,34.513,-228.7594
31.0089,0.8271,-219.7873,34.0153,1.1653,-221.7213
-62.6804,45.886,-205.4567,-68.1716,49.5978,-204.0979
1.4077,86.3063,-209.5084,1.9189,92.1298,-209.2448
44.7535,72.0432,-236.0751,49.3756,77.1839,-237.6592
55.5549,-55.0049,-224.415,59.4206,-59.099,-227.0673
-13.1132,-92.4795,-236.5209,-14.1588,-100.6084,-238.8336
43.2249,36.477,-207.6077,47.9401,39.94,-207.4613
5.4555,57.0999,-222.2257,6.324,61.5523,-223.549
-31.6778,18.9061,-237.3644,-34.2672,20.5599,-240.203
36.7419,-53.4005,-205.2833,39.3946,-58.5359,-205.7728
96.9675,-10.2026,-203.6126,105.0437,-8.9934,-203.6296
-12.7675,-22.9446,-221.2749,-13.7806,-25.3,-223.147
33.2355,43.4116,-218.9345,36.9583,47.2229,-220.0391
18.2121,-10.2646,-233.7418,19.8398,-11.1125,-236.8982
-81.3379,22.8739,-227.6441,-88.1153,25.2731,-228.1361
-14.5221,34.8618,-226.8916,-15.6876,37.8248,-228.8501
-20.8781,28.7353,-213.8192,-22.5378,31.3769,-214.3576
27.8021,74.7311,-193.8797,31.2666,80.1902,-191.7714
47.1869,12.758,-214.0385,51.881,14.4233,-215.0675
-22.5508,-22.9469,-217.3752,-24.3164,-25.2483,-218.7026
-2.6041,-8.5383,-207.2551,-2.5361,-9.7392,-207.3782
-51.4413,-75.5667,-225.026,-54.7004,-82.5528,-226.5252
-3.5108,-15.5912,-212.4055,-3.6208,-17.4607,-213.2707
-81.0315,-55.5075,-199.9479,-86.286,-60.7543,-199.0686
-70.8068,-22.4263,-220.7757,-76.2277,-23.9936,-221.9171
-14.7308,-11.1406,-211.946,-15.662,-12.3136,-212.578
-97.4406,-10.6465,-206.685,-104.6507,-10.6532,-205.8853
-53.6937,15.8377,-228.2795,-58.1535,17.4088,-229.9359
42.2633,-85.8893,-220.8172,44.4888,-93.316,-222.8057
70.5121,-31.0872,-226.1016,76.0079,-32.4068,-228.7041
-5.5618,-86.6876,-238.5753,-6.2238,-94.2265,-241.2517
13.5451,-15.2178,-206.6367,14.8579,-17.0175,-206.9007
2.0193,90.5538,-195.3685,2.7467,96.4916,-193.5037
-25.9483,11.154,-238.3643,-28.0636,12.3015,-241.4311
-25.6102,-0.3598,-215.4755,-27.5269,-0.2026,-216.3685
31.1903,40.5429,-233.967,34.4231,43.8997,-236.4039
-16.4012,8.1601,-209.9853,-17.4789,9.138,-210.2664
25.53,-41.1132,-215.9069,27.4912,-45.0604,-217.5821
63.3397,-33.4586,-220.4717,68.3864,-35.4244,-222.7165
62.8958,15.689,-223.9811,68.7587,17.9877,-225.6842
-38.5156,-80.4244,-216.9668,-40.9924,-88.327,-217.7897
16.5592,-53.7503,-194.186,17.6055,-59.4072,-192.8527
7.7781,65.816,-228.608,8.7894,70.605,-230.2944
-68.4162,32.7133,-209.8555,-74.2459,35.6769,-209.0705
-10.955,98.5783,-215.3117,-12.0733,104.6109,-215.3165
59.8829,-74.6332,-222.8377,63.5479,-80.3865,-225.2945
-18.6358,-22.8152,-218.3708,-20.0911,-25.1316,-219.8528
-68.9568,-21.0994,-212.7679,-74.2155,-22.7338,-213.1555
6.3156,-10.1108,-190.6141,6.9744,-11.7619,-188.3435
-7.8827,21.2105,-207.7996,-8.303,23.3281,-207.7855
-82.6267,-10.2542,-239.1041,-88.9211,-10.3672,-241.008
59.1927,-80.0788,-220.7855,62.6874,-86.4222,-223.032
25.6211,44.7187,-206.7711,28.7234,48.6162,-206.4902
74.4821,-23.9858,-200.1905,80.7417,-25.1308,-200.1403
-58.6725,-8.8923,-200.6195,-63.1493,-9.7308,-199.4038
87.1578,-15.9861,-238.2764,93.7796,-15.2056,-241.0987
-46.6693,81.894,-195.0412,-51.0601,87.205,-192.5114
-80.6032,-38.0676,-211.7631,-86.3266,-41.1951,-212.0829
74.7065,-17.0284,-198.0986,81.1167,-17.5563,-197.6396
-46.0682,13.4676,-234.6476,-49.8433,14.7462,-237.0666
-40.3384,-35.507,-231.2955,-43.5551,-38.613,-233.8432
41.1924,90.4572,-211.846,46.083,96.5861,-211.4633
-72.9668,37.4861,-191.7565,-78.8338,40.4992,-188.8942
-38.4895,48.4528,-229.8518,-41.9988,52.0782,-231.3902
64.8248,-43.2054,-222.5392,69.6948,-45.9405,-225.0243
-20.5791,9.7162,-226.1988,-22.2198,10.8963,-228.2605
82.7581,14.3,-232.6613,89.8327,17.0784,-234.5614
35.7719,44.9986,-200.5224,39.8529,48.9205,-199.3505
-41.6271,-32.9528,-192.4715,-44.6375,-36.5548,-190.3843
55.4388,-70.7424,-203.7451,59.0189,-76.9646,-204.3645
15.8836,61.0472,-211.4638,18.0169,65.8684,-211.6303
-56.4648,-13.2711,-217.0714,-60.917,-14.2508,-217.9869
37.9255,-90.8352,-192.3634,39.6935,-99.3865,-191.2689
17.0812,68.9579,-209.4991,19.389,74.1817,-209.3641
-39.7928,-65.0604,-192.4526,-42.3795,-71.9953,-190.5374
73.6424,43.1229,-234.0565,80.4645,47.3529,-235.5012
-0.2574,30.1728,-231.4107,-0.1007,32.8173,-233.9447
-22.4901,4.0436,-213.8367,-24.1258,4.6405,-214.5314
43.9112,29.9526,-218.7477,48.4844,32.9422,-219.9815
9.7349,64.8769,-235.0509,10.8674,69.4881,-237.1914
-8.6039,-72.6414,-209.0893,-9.3937,-80.1437,-209.3929
-33.5731,73.3235,-197.3032,-36.6404,78.392,-195.2671
91.815,15.6914,-193.6032,99.8462,18.5293,-191.9269
-3.1748,-85.8375,-207.2303,-3.6727,-94.5043,-207.2524
-73.5602,-42.3121,-219.3255,-78.8116,-45.8416,-220.4243
62.9349,56.0604,-234.6421,69.0718,60.7235,-236.0762
-9.5717,97.8166,-207.9097,-10.3941,103.9026,-207.2909
-46.9413,-37.6226,-214.4468,-50.509,-41.2882,-215.2929
1.6223,79.5015,-194.8432,2.2978,85.0436,-192.8823
59.7702,55.7655,-200.6687,66.114,60.5975,-199.224
-33.1689,-52.7095,-195.0861,-35.4833,-58.4166,-193.4446
-32.1886,-72.8786,-220.8458,-34.4175,-80.011,-222.1782
-16.204,-10.0426,-207.5108,-17.2058,-11.1453,-207.5291
12.3368,-42.8621,-228.4654,13.1393,-46.853,-231.2555
-83.7313,43.1387,-236.5348,-90.8969,46.5616,-236.9032
14.372,94.7397,-221.989,16.088,100.7763,-222.6543
35.3961,23.1502,-225.7518,38.9976,25.4489,-227.8743
50.6976,39.9801,-198.4398,56.059,43.6807,-196.9935
-18.9236,46.2946,-206.1189,-20.4197,50.0989,-205.549
5.7231,-84.7826,-202.9692,5.7402,-93.3454,-202.6085
-62.29,9.47,-226.3974,-67.4121,10.6476,-227.7622
-38.8038,73.167,-236.9884,-42.6697,77.806,-238.334
35.5876,-28.0121,-226.9816,38.5117,-30.2321,-229.7607
-64.2974,-5.2498,-205.5587,-69.2809,-5.548,-204.9383
-64.3954,-22.0129,-218.0143,-69.3662,-23.7179,-219.0046
-78.8378,28.1088,-221.7468,-85.5185,30.8771,-221.7845
-15.1033,-40.3322,-214.3122,-16.3147,-44.5548,-215.3833
2.6729,-9.164,-204.1884,3.0683,-10.5121,-203.951
22.6597,6.5854,-202.3079,25.0777,7.3219,-201.8313
-17.2381,9.1774,-239.7209,-18.6794,10.2659,-242.9764
-40.9928,21.0871,-191.6324,-44.2238,22.7606,-189.0992
-7.8897,-53.3158,-219.7671,-8.6554,-58.6747,-221.4725
9.337,93.3594,-223.547,10.4527,99.3047,-224.3522
-4.3841,25.5891,-223.9072,-4.6093,28.0283,-225.7794
-60.7719,-44.5244,-238.8235,-65.1856,-47.9696,-241.4967
-9.1444,-39.1089,-194.401,-9.7939,-43.5259,-192.7188
-1.9496,-13.0721,-218.5987,-1.9983,-14.6006,-220.2469
19.3739,-57.7154,-226.9026,20.497,-62.9622,-229.5132
-27.9142,15.425,-232.7238,-30.1964,16.9296,-235.2748
-46.3573,-30.1587,-218.2447,-49.9762,-32.9578,-219.5031
-22.1294,38.4777,-215.8432,-23.9524,41.7625,-216.5252
64.5788,-44.132,-232.7406,69.2112,-46.6417,-235.9014
-43.8287,51.1584,-235.9254,-47.8412,54.7837,-237.6766
12.58,75.2572,-223.0651,14.1719,80.5966,-224.1512
99.2779,-5.2403,-223.9056,107.3235,-3.2018,-225.4022
50.1881,34.6412,-227.6786,55.1899,37.9622,-229.4818
-25.1025,41.639,-224.8567,-27.2689,45.0017,-226.3927
20.2905,39.3086,-199.3644,22.8181,42.7536,-198.0794
-78.0702,-20.7025,-211.8529,-83.9447,-22.1115,-212.027
-72.0169,-29.977,-190.6592,-77.0621,-32.9593,-188.4679
-48.8467,53.7671,-216.1156,-53.381,57.887,-216.0725
-39.8183,57.1616,-205.4781,-43.42,61.4899,-204.4448
-51.3327,24.5633,-227.6975,-55.6807,26.7592,-229.2107
-7.8876,91.5011,-204.7135,-8.4152,97.4368,-203.8293
73.4924,60.8106,-197.6842,80.9141,66.0425,-195.7253
63.8,-66.784,-222.2902,67.957,-71.7062,-224.7772
-26.8261,87.7104,-211.3496,-29.573,93.3535,-210.8783
-13.5169,-16.4575,-203.9022,-14.3425,-18.4086,-203.4447
-62.4353,-54.1541,-220.0773,-66.7741,-59.0995,-221.3366
-55.6294,44.1503,-216.1859,-60.6172,47.7506,-216.1447
-29.0131,-3.9739,-194.8112,-31.0966,-4.5559,-192.9213
